cell_id,alpha_true,mean_alpha_median,median_alpha_median,std_alpha_median,n_reps,shape_name,tier_weights_name,n,bias
shape=bimodal_alpha=0.05_tier=century_heavy_N=10000,0.05,0.05122056742144489,0.05101645617351576,0.00869543268351386,100,bimodal,century_heavy,10000,0.0012205674214448847
shape=bimodal_alpha=0.05_tier=century_heavy_N=2000,0.05,0.07350335504195118,0.07288032192767896,0.015003524603261572,100,bimodal,century_heavy,2000,0.023503355041951182
shape=bimodal_alpha=0.05_tier=century_heavy_N=50000,0.05,0.044751311935103136,0.044188461745425005,0.00681946060993139,100,bimodal,century_heavy,50000,-0.005248688064896867
shape=bimodal_alpha=0.05_tier=half_century_heavy_N=10000,0.05,0.06194957011123298,0.06114399578057098,0.011169088467054956,100,bimodal,half_century_heavy,10000,0.011949570111232974
shape=bimodal_alpha=0.05_tier=half_century_heavy_N=2000,0.05,0.08515274318585629,0.08321380599771083,0.017644697490736706,100,bimodal,half_century_heavy,2000,0.03515274318585629
shape=bimodal_alpha=0.05_tier=half_century_heavy_N=50000,0.05,0.06090942907367824,0.06008597589490901,0.007861361085749174,100,bimodal,half_century_heavy,50000,0.010909429073678235
shape=bimodal_alpha=0.05_tier=pilot_proxy_N=10000,0.05,0.054333013692014064,0.05315761112882811,0.011004726510980995,100,bimodal,pilot_proxy,10000,0.004333013692014061
shape=bimodal_alpha=0.05_tier=pilot_proxy_N=2000,0.05,0.07603609066557851,0.07667655032558311,0.01564626714048362,100,bimodal,pilot_proxy,2000,0.026036090665578507
shape=bimodal_alpha=0.05_tier=pilot_proxy_N=50000,0.05,0.0481565401084713,0.04793045667273476,0.006765389631231737,100,bimodal,pilot_proxy,50000,-0.0018434598915287037
shape=bimodal_alpha=0.05_tier=reign_heavy_N=10000,0.05,0.06756617853048354,0.06714721966031119,0.01321304752267229,100,bimodal,reign_heavy,10000,0.017566178530483534
shape=bimodal_alpha=0.05_tier=reign_heavy_N=2000,0.05,0.08643013004906347,0.08299354336802066,0.022420280079325505,100,bimodal,reign_heavy,2000,0.03643013004906347
shape=bimodal_alpha=0.05_tier=reign_heavy_N=50000,0.05,0.06766672371332977,0.06750413364979635,0.010514737441031673,100,bimodal,reign_heavy,50000,0.017666723713329766
shape=bimodal_alpha=0.05_tier=uniform_N=10000,0.05,0.06248814468835445,0.06020324511927592,0.011518634870640454,100,bimodal,uniform,10000,0.01248814468835445
shape=bimodal_alpha=0.05_tier=uniform_N=2000,0.05,0.08018925774816213,0.0785761313661579,0.018834392744374658,100,bimodal,uniform,2000,0.030189257748162127
shape=bimodal_alpha=0.05_tier=uniform_N=50000,0.05,0.05662052753617025,0.0563526257811268,0.008754687034227538,100,bimodal,uniform,50000,0.006620527536170248
shape=bimodal_alpha=0.30_tier=century_heavy_N=10000,0.3,0.10772553331732407,0.10646629066148075,0.01832355390797592,100,bimodal,century_heavy,10000,-0.19227446668267592
shape=bimodal_alpha=0.30_tier=century_heavy_N=2000,0.3,0.1396551848325159,0.14016269809238968,0.025406355953755837,100,bimodal,century_heavy,2000,-0.16034481516748408
shape=bimodal_alpha=0.30_tier=century_heavy_N=50000,0.3,0.10250117903687998,0.10223292584103014,0.013773336760147954,100,bimodal,century_heavy,50000,-0.19749882096312
shape=bimodal_alpha=0.30_tier=half_century_heavy_N=10000,0.3,0.23630427141288127,0.23873143689194612,0.019300762762316726,100,bimodal,half_century_heavy,10000,-0.06369572858711872
shape=bimodal_alpha=0.30_tier=half_century_heavy_N=2000,0.3,0.25165030103215935,0.25032633840471347,0.034338370328052856,100,bimodal,half_century_heavy,2000,-0.04834969896784064
shape=bimodal_alpha=0.30_tier=half_century_heavy_N=50000,0.3,0.2355896154083435,0.23688866116563762,0.013360242083781998,100,bimodal,half_century_heavy,50000,-0.06441038459165649
shape=bimodal_alpha=0.30_tier=pilot_proxy_N=10000,0.3,0.13621433139993483,0.13593316898754687,0.019704890073602908,100,bimodal,pilot_proxy,10000,-0.16378566860006516
shape=bimodal_alpha=0.30_tier=pilot_proxy_N=2000,0.3,0.1624703167559198,0.15866651742410828,0.029832092324978972,100,bimodal,pilot_proxy,2000,-0.1375296832440802
shape=bimodal_alpha=0.30_tier=pilot_proxy_N=50000,0.3,0.1311976431053179,0.1281236433716957,0.015456586500820641,100,bimodal,pilot_proxy,50000,-0.1688023568946821
shape=bimodal_alpha=0.30_tier=reign_heavy_N=10000,0.3,0.2584183955238157,0.26033516679212804,0.017153652494999658,100,bimodal,reign_heavy,10000,-0.04158160447618431
shape=bimodal_alpha=0.30_tier=reign_heavy_N=2000,0.3,0.27812721221061165,0.27814546707844123,0.03614998531121377,100,bimodal,reign_heavy,2000,-0.021872787789388337
shape=bimodal_alpha=0.30_tier=reign_heavy_N=50000,0.3,0.254181270113894,0.25355518849906755,0.010834161313011332,100,bimodal,reign_heavy,50000,-0.04581872988610597
shape=bimodal_alpha=0.30_tier=uniform_N=10000,0.3,0.19076888511202905,0.1900957225047405,0.017836157020885913,100,bimodal,uniform,10000,-0.10923111488797094
shape=bimodal_alpha=0.30_tier=uniform_N=2000,0.3,0.22029682706265188,0.22139187742695274,0.03686436951135143,100,bimodal,uniform,2000,-0.0797031729373481
shape=bimodal_alpha=0.30_tier=uniform_N=50000,0.3,0.19340133567779194,0.19391096081718084,0.011952062968864901,100,bimodal,uniform,50000,-0.10659866432220805
shape=bimodal_alpha=0.50_tier=century_heavy_N=10000,0.5,0.21689664426279298,0.20826824137048644,0.04970112643784898,100,bimodal,century_heavy,10000,-0.283103355737207
shape=bimodal_alpha=0.50_tier=century_heavy_N=2000,0.5,0.2092895442897407,0.20710082045827008,0.039375558985615934,100,bimodal,century_heavy,2000,-0.29071045571025933
shape=bimodal_alpha=0.50_tier=century_heavy_N=50000,0.5,0.27253635386288483,0.2756825464494686,0.034315000915776946,100,bimodal,century_heavy,50000,-0.22746364613711517
shape=bimodal_alpha=0.50_tier=half_century_heavy_N=10000,0.5,0.3989465045243237,0.3972039161068365,0.024653265643764428,100,bimodal,half_century_heavy,10000,-0.10105349547567632
shape=bimodal_alpha=0.50_tier=half_century_heavy_N=2000,0.5,0.4189550399247235,0.4210641114238932,0.04303688193375914,100,bimodal,half_century_heavy,2000,-0.0810449600752765
shape=bimodal_alpha=0.50_tier=half_century_heavy_N=50000,0.5,0.395171380896374,0.3936636502284127,0.010526235926897706,100,bimodal,half_century_heavy,50000,-0.10482861910362601
shape=bimodal_alpha=0.50_tier=pilot_proxy_N=10000,0.5,0.24493480436620996,0.2429132840529667,0.03760841993625004,100,bimodal,pilot_proxy,10000,-0.25506519563379004
shape=bimodal_alpha=0.50_tier=pilot_proxy_N=2000,0.5,0.2592497899985895,0.257134058104457,0.04866242145532058,100,bimodal,pilot_proxy,2000,-0.2407502100014105
shape=bimodal_alpha=0.50_tier=pilot_proxy_N=50000,0.5,0.27979243332291615,0.27502613328240566,0.028766802272990694,100,bimodal,pilot_proxy,50000,-0.22020756667708385
shape=bimodal_alpha=0.50_tier=reign_heavy_N=10000,0.5,0.41153541052209236,0.4124880316603348,0.018172529737750246,100,bimodal,reign_heavy,10000,-0.08846458947790764
shape=bimodal_alpha=0.50_tier=reign_heavy_N=2000,0.5,0.436541420669783,0.43409718136421965,0.03252291084162013,100,bimodal,reign_heavy,2000,-0.06345857933021698
shape=bimodal_alpha=0.50_tier=reign_heavy_N=50000,0.5,0.40364496100283426,0.4028262709229412,0.011009260110265071,100,bimodal,reign_heavy,50000,-0.09635503899716574
shape=bimodal_alpha=0.50_tier=uniform_N=10000,0.5,0.3375039594388409,0.3340098366005775,0.026487748314330886,100,bimodal,uniform,10000,-0.16249604056115913
shape=bimodal_alpha=0.50_tier=uniform_N=2000,0.5,0.3471819029473837,0.34688676816959596,0.04149627038198388,100,bimodal,uniform,2000,-0.1528180970526163
shape=bimodal_alpha=0.50_tier=uniform_N=50000,0.5,0.3382449563721538,0.3375914630807621,0.018312894438290397,100,bimodal,uniform,50000,-0.1617550436278462
shape=bimodal_alpha=0.70_tier=century_heavy_N=10000,0.7,0.4417126192948336,0.4417328506830677,0.06994901253155678,100,bimodal,century_heavy,10000,-0.2582873807051664
shape=bimodal_alpha=0.70_tier=century_heavy_N=2000,0.7,0.34945758233103363,0.33051145987259023,0.10227321949023113,100,bimodal,century_heavy,2000,-0.3505424176689663
shape=bimodal_alpha=0.70_tier=century_heavy_N=50000,0.7,0.5251265405360757,0.5256681282730975,0.033975311171013024,100,bimodal,century_heavy,50000,-0.1748734594639243
shape=bimodal_alpha=0.70_tier=half_century_heavy_N=10000,0.7,0.5759825965677197,0.5770775736567625,0.026535223815634036,100,bimodal,half_century_heavy,10000,-0.1240174034322803
shape=bimodal_alpha=0.70_tier=half_century_heavy_N=2000,0.7,0.5973526836822619,0.5985641605500424,0.04338858722111817,100,bimodal,half_century_heavy,2000,-0.10264731631773805
shape=bimodal_alpha=0.70_tier=half_century_heavy_N=50000,0.7,0.5792044116435847,0.5795275121939559,0.020193042041845084,100,bimodal,half_century_heavy,50000,-0.12079558835641524
shape=bimodal_alpha=0.70_tier=pilot_proxy_N=10000,0.7,0.45604495002864504,0.4633481403527717,0.06838140454382935,100,bimodal,pilot_proxy,10000,-0.24395504997135492
shape=bimodal_alpha=0.70_tier=pilot_proxy_N=2000,0.7,0.3904224670433551,0.38771375072310266,0.07818903436570511,100,bimodal,pilot_proxy,2000,-0.30957753295664486
shape=bimodal_alpha=0.70_tier=pilot_proxy_N=50000,0.7,0.5243088227602616,0.5235505070156767,0.03277391383803549,100,bimodal,pilot_proxy,50000,-0.17569117723973837
shape=bimodal_alpha=0.70_tier=reign_heavy_N=10000,0.7,0.5770663233932191,0.5739194511746036,0.02283843817939403,100,bimodal,reign_heavy,10000,-0.1229336766067809
shape=bimodal_alpha=0.70_tier=reign_heavy_N=2000,0.7,0.607663415310099,0.6068135806430897,0.035559727550132904,100,bimodal,reign_heavy,2000,-0.09233658468990091
shape=bimodal_alpha=0.70_tier=reign_heavy_N=50000,0.7,0.5700726150005319,0.5694533017245721,0.014185348390499414,100,bimodal,reign_heavy,50000,-0.1299273849994681
shape=bimodal_alpha=0.70_tier=uniform_N=10000,0.7,0.4998151501616487,0.49878974589307723,0.035506008942396486,100,bimodal,uniform,10000,-0.20018484983835128
shape=bimodal_alpha=0.70_tier=uniform_N=2000,0.7,0.5106172517704711,0.5043305505892098,0.05872050068544338,100,bimodal,uniform,2000,-0.18938274822952883
shape=bimodal_alpha=0.70_tier=uniform_N=50000,0.7,0.5444618529998015,0.5436420523657687,0.031734613225689566,100,bimodal,uniform,50000,-0.1555381470001984
shape=bimodal_alpha=0.95_tier=century_heavy_N=10000,0.95,0.8272754472237722,0.8318339253164457,0.06660219131874721,100,bimodal,century_heavy,10000,-0.12272455277622774
shape=bimodal_alpha=0.95_tier=century_heavy_N=2000,0.95,0.7839800474482899,0.8082152946458037,0.11362539756037515,100,bimodal,century_heavy,2000,-0.1660199525517101
shape=bimodal_alpha=0.95_tier=century_heavy_N=50000,0.95,0.8759680016445531,0.8808781780094024,0.03288255199165265,100,bimodal,century_heavy,50000,-0.07403199835544683
shape=bimodal_alpha=0.95_tier=half_century_heavy_N=10000,0.95,0.8721623141094055,0.879599725063295,0.05597994160168359,100,bimodal,half_century_heavy,10000,-0.07783768589059448
shape=bimodal_alpha=0.95_tier=half_century_heavy_N=2000,0.95,0.8559832607021992,0.8596944789993883,0.048961660950533704,100,bimodal,half_century_heavy,2000,-0.09401673929780074
shape=bimodal_alpha=0.95_tier=half_century_heavy_N=50000,0.95,0.8932330980570756,0.8945687322978376,0.028347946542270793,100,bimodal,half_century_heavy,50000,-0.05676690194292433
shape=bimodal_alpha=0.95_tier=pilot_proxy_N=10000,0.95,0.837087963686613,0.8489561362470025,0.07373621813129706,100,bimodal,pilot_proxy,10000,-0.11291203631338698
shape=bimodal_alpha=0.95_tier=pilot_proxy_N=2000,0.95,0.7535060225201893,0.7848376531179111,0.13373091224028336,100,bimodal,pilot_proxy,2000,-0.19649397747981068
shape=bimodal_alpha=0.95_tier=pilot_proxy_N=50000,0.95,0.884098899201464,0.8875792998016776,0.029434466486217947,100,bimodal,pilot_proxy,50000,-0.06590110079853595
shape=bimodal_alpha=0.95_tier=reign_heavy_N=10000,0.95,0.8494044380246009,0.8500098426657584,0.05145198278456789,100,bimodal,reign_heavy,10000,-0.1005955619753991
shape=bimodal_alpha=0.95_tier=reign_heavy_N=2000,0.95,0.8520625562996554,0.8507276649866318,0.05139487169460217,100,bimodal,reign_heavy,2000,-0.09793744370034452
shape=bimodal_alpha=0.95_tier=reign_heavy_N=50000,0.95,0.8793554322376684,0.8807062626602988,0.028799926945844465,100,bimodal,reign_heavy,50000,-0.07064456776233152
shape=bimodal_alpha=0.95_tier=uniform_N=10000,0.95,0.8401051695267214,0.8473133485563678,0.057951488041557433,100,bimodal,uniform,10000,-0.10989483047327853
shape=bimodal_alpha=0.95_tier=uniform_N=2000,0.95,0.7821377968313911,0.8003209678603423,0.09639628851083401,100,bimodal,uniform,2000,-0.1678622031686089
shape=bimodal_alpha=0.95_tier=uniform_N=50000,0.95,0.8830245074691496,0.8829915857251334,0.025297229760051092,100,bimodal,uniform,50000,-0.06697549253085033
shape=flat_baseline_alpha=0.05_tier=century_heavy_N=10000,0.05,0.09691287431684455,0.08319423669007957,0.04391729102051179,100,flat_baseline,century_heavy,10000,0.046912874316844544
shape=flat_baseline_alpha=0.05_tier=century_heavy_N=2000,0.05,0.18095035597222706,0.16735836736973667,0.07380465955689824,100,flat_baseline,century_heavy,2000,0.13095035597222704
shape=flat_baseline_alpha=0.05_tier=century_heavy_N=50000,0.05,0.05704482673508879,0.053628848052431725,0.02471373598261178,100,flat_baseline,century_heavy,50000,0.0070448267350887855
shape=flat_baseline_alpha=0.05_tier=half_century_heavy_N=10000,0.05,0.09259864198329387,0.0862371751673602,0.03308664444951528,100,flat_baseline,half_century_heavy,10000,0.04259864198329387
shape=flat_baseline_alpha=0.05_tier=half_century_heavy_N=2000,0.05,0.17705858746733238,0.16309877001587708,0.06783739707757944,100,flat_baseline,half_century_heavy,2000,0.1270585874673324
shape=flat_baseline_alpha=0.05_tier=half_century_heavy_N=50000,0.05,0.0662552621276759,0.06346395698471924,0.018339146853489658,100,flat_baseline,half_century_heavy,50000,0.016255262127675904
shape=flat_baseline_alpha=0.05_tier=pilot_proxy_N=10000,0.05,0.09322736497696212,0.07987324206374602,0.04319656299162695,100,flat_baseline,pilot_proxy,10000,0.04322736497696211
shape=flat_baseline_alpha=0.05_tier=pilot_proxy_N=2000,0.05,0.17596262406060084,0.15656436537773416,0.07613200051116238,100,flat_baseline,pilot_proxy,2000,0.12596262406060083
shape=flat_baseline_alpha=0.05_tier=pilot_proxy_N=50000,0.05,0.04876756048974574,0.04175876451185569,0.021939559622136767,100,flat_baseline,pilot_proxy,50000,-0.0012324395102542643
shape=flat_baseline_alpha=0.05_tier=reign_heavy_N=10000,0.05,0.10405595801169681,0.09396705638222658,0.034785283817628104,100,flat_baseline,reign_heavy,10000,0.05405595801169681
shape=flat_baseline_alpha=0.05_tier=reign_heavy_N=2000,0.05,0.175046054074424,0.1637548031237132,0.06957056756524371,100,flat_baseline,reign_heavy,2000,0.12504605407442398
shape=flat_baseline_alpha=0.05_tier=reign_heavy_N=50000,0.05,0.06934421109594348,0.0674629098889155,0.015118473593359646,100,flat_baseline,reign_heavy,50000,0.019344211095943475
shape=flat_baseline_alpha=0.05_tier=uniform_N=10000,0.05,0.0827390118075977,0.07584522839315536,0.03373715600688921,100,flat_baseline,uniform,10000,0.032739011807597695
shape=flat_baseline_alpha=0.05_tier=uniform_N=2000,0.05,0.17458193094905802,0.1631270521910681,0.06246372438939274,100,flat_baseline,uniform,2000,0.12458193094905802
shape=flat_baseline_alpha=0.05_tier=uniform_N=50000,0.05,0.05949333438759684,0.05651598678111924,0.02046083441948101,100,flat_baseline,uniform,50000,0.009493334387596836
shape=flat_baseline_alpha=0.30_tier=century_heavy_N=10000,0.3,0.2798025829799503,0.28174856294368417,0.06962654208524859,100,flat_baseline,century_heavy,10000,-0.02019741702004968
shape=flat_baseline_alpha=0.30_tier=century_heavy_N=2000,0.3,0.3299641829737718,0.3067922217326591,0.13896850952971415,100,flat_baseline,century_heavy,2000,0.02996418297377179
shape=flat_baseline_alpha=0.30_tier=century_heavy_N=50000,0.3,0.29665935103335667,0.2988823264527388,0.03161107419571886,100,flat_baseline,century_heavy,50000,-0.0033406489666433226
shape=flat_baseline_alpha=0.30_tier=half_century_heavy_N=10000,0.3,0.3057899731183362,0.2995199113542404,0.04516867018193242,100,flat_baseline,half_century_heavy,10000,0.0057899731183362335
shape=flat_baseline_alpha=0.30_tier=half_century_heavy_N=2000,0.3,0.40163001020260064,0.3746027330303238,0.11020698555275585,100,flat_baseline,half_century_heavy,2000,0.10163001020260065
shape=flat_baseline_alpha=0.30_tier=half_century_heavy_N=50000,0.3,0.29432056867993744,0.2935175749696616,0.035785368402448545,100,flat_baseline,half_century_heavy,50000,-0.005679431320062545
shape=flat_baseline_alpha=0.30_tier=pilot_proxy_N=10000,0.3,0.282113423187165,0.27747844757030327,0.08368067587213225,100,flat_baseline,pilot_proxy,10000,-0.01788657681283501
shape=flat_baseline_alpha=0.30_tier=pilot_proxy_N=2000,0.3,0.2900046083153132,0.28189344021598767,0.11379851384643075,100,flat_baseline,pilot_proxy,2000,-0.009995391684686772
shape=flat_baseline_alpha=0.30_tier=pilot_proxy_N=50000,0.3,0.30143135846473945,0.29526223632277326,0.037702385540204754,100,flat_baseline,pilot_proxy,50000,0.0014313584647394628
shape=flat_baseline_alpha=0.30_tier=reign_heavy_N=10000,0.3,0.31867451854936546,0.31136028460383014,0.04821533139630843,100,flat_baseline,reign_heavy,10000,0.01867451854936547
shape=flat_baseline_alpha=0.30_tier=reign_heavy_N=2000,0.3,0.3980554277072627,0.38759214616584015,0.09535021060651994,100,flat_baseline,reign_heavy,2000,0.09805542770726272
shape=flat_baseline_alpha=0.30_tier=reign_heavy_N=50000,0.3,0.29804405882055357,0.29627138873032666,0.03345846022032463,100,flat_baseline,reign_heavy,50000,-0.0019559411794464188
shape=flat_baseline_alpha=0.30_tier=uniform_N=10000,0.3,0.2829061215652174,0.2785737214514209,0.0628269303959099,100,flat_baseline,uniform,10000,-0.017093878434782606
shape=flat_baseline_alpha=0.30_tier=uniform_N=2000,0.3,0.3291274371301688,0.3138656280999145,0.10272149739313369,100,flat_baseline,uniform,2000,0.0291274371301688
shape=flat_baseline_alpha=0.30_tier=uniform_N=50000,0.3,0.2910637776264007,0.2928075180176084,0.03222805616012766,100,flat_baseline,uniform,50000,-0.008936222373599312
shape=flat_baseline_alpha=0.50_tier=century_heavy_N=10000,0.5,0.47030472772491194,0.4754535883137303,0.08068928892373112,100,flat_baseline,century_heavy,10000,-0.029695272275088058
shape=flat_baseline_alpha=0.50_tier=century_heavy_N=2000,0.5,0.5063259242867221,0.4892318518311759,0.1586799016177921,100,flat_baseline,century_heavy,2000,0.006325924286722073
shape=flat_baseline_alpha=0.50_tier=century_heavy_N=50000,0.5,0.4917265936456207,0.49039027414592723,0.0378492934813,100,flat_baseline,century_heavy,50000,-0.008273406354379287
shape=flat_baseline_alpha=0.50_tier=half_century_heavy_N=10000,0.5,0.5002380830282381,0.48966633908378177,0.06737086667741742,100,flat_baseline,half_century_heavy,10000,0.0002380830282381341
shape=flat_baseline_alpha=0.50_tier=half_century_heavy_N=2000,0.5,0.5613418503283342,0.5340366153703735,0.11828336939742787,100,flat_baseline,half_century_heavy,2000,0.06134185032833417
shape=flat_baseline_alpha=0.50_tier=half_century_heavy_N=50000,0.5,0.49943552170519717,0.49731542472581236,0.03720211340012329,100,flat_baseline,half_century_heavy,50000,-0.0005644782948028282
shape=flat_baseline_alpha=0.50_tier=pilot_proxy_N=10000,0.5,0.4885391245511995,0.4836281777285697,0.08314079357019562,100,flat_baseline,pilot_proxy,10000,-0.011460875448800478
shape=flat_baseline_alpha=0.50_tier=pilot_proxy_N=2000,0.5,0.4544914196177713,0.4551269851015306,0.18271927317919748,100,flat_baseline,pilot_proxy,2000,-0.045508580382228714
shape=flat_baseline_alpha=0.50_tier=pilot_proxy_N=50000,0.5,0.5035956960050235,0.497954419923348,0.040051357321553,100,flat_baseline,pilot_proxy,50000,0.0035956960050235187
shape=flat_baseline_alpha=0.50_tier=reign_heavy_N=10000,0.5,0.506861022250527,0.5021926358917744,0.06295018701203649,100,flat_baseline,reign_heavy,10000,0.0068610222505269824
shape=flat_baseline_alpha=0.50_tier=reign_heavy_N=2000,0.5,0.5557156727308041,0.5313330164281501,0.10102521199853658,100,flat_baseline,reign_heavy,2000,0.05571567273080413
shape=flat_baseline_alpha=0.50_tier=reign_heavy_N=50000,0.5,0.49636808294613016,0.4979299053163086,0.03487808072986649,100,flat_baseline,reign_heavy,50000,-0.0036319170538698375
shape=flat_baseline_alpha=0.50_tier=uniform_N=10000,0.5,0.49905613285057915,0.49744895965239133,0.09258518561766874,100,flat_baseline,uniform,10000,-0.0009438671494208517
shape=flat_baseline_alpha=0.50_tier=uniform_N=2000,0.5,0.4936811451757935,0.4766785758090284,0.12682492534283712,100,flat_baseline,uniform,2000,-0.006318854824206521
shape=flat_baseline_alpha=0.50_tier=uniform_N=50000,0.5,0.49858223890382675,0.5004646577682106,0.03827693640302356,100,flat_baseline,uniform,50000,-0.0014177610961732534
shape=flat_baseline_alpha=0.70_tier=century_heavy_N=10000,0.7,0.6903895812992461,0.682332677633041,0.09661074691782102,100,flat_baseline,century_heavy,10000,-0.009610418700753853
shape=flat_baseline_alpha=0.70_tier=century_heavy_N=2000,0.7,0.6478622693704268,0.6605495611918625,0.14808377118866017,100,flat_baseline,century_heavy,2000,-0.052137730629573165
shape=flat_baseline_alpha=0.70_tier=century_heavy_N=50000,0.7,0.6961284117266541,0.6944797171085483,0.03483908974737646,100,flat_baseline,century_heavy,50000,-0.003871588273345883
shape=flat_baseline_alpha=0.70_tier=half_century_heavy_N=10000,0.7,0.7113943882076563,0.7053230801212635,0.08001446261383688,100,flat_baseline,half_century_heavy,10000,0.01139438820765637
shape=flat_baseline_alpha=0.70_tier=half_century_heavy_N=2000,0.7,0.7370720441990335,0.7435923725392202,0.10460456328274763,100,flat_baseline,half_century_heavy,2000,0.03707204419903354
shape=flat_baseline_alpha=0.70_tier=half_century_heavy_N=50000,0.7,0.698566941426551,0.6942051934263737,0.03354371861925681,100,flat_baseline,half_century_heavy,50000,-0.0014330585734489976
shape=flat_baseline_alpha=0.70_tier=pilot_proxy_N=10000,0.7,0.6910755476122579,0.6911212952732115,0.07810594011608314,100,flat_baseline,pilot_proxy,10000,-0.008924452387742088
shape=flat_baseline_alpha=0.70_tier=pilot_proxy_N=2000,0.7,0.6400502288327394,0.6509219341029528,0.15943231479151176,100,flat_baseline,pilot_proxy,2000,-0.059949771167260524
shape=flat_baseline_alpha=0.70_tier=pilot_proxy_N=50000,0.7,0.6941477267128588,0.6925312242623451,0.038690482208751854,100,flat_baseline,pilot_proxy,50000,-0.005852273287141108
shape=flat_baseline_alpha=0.70_tier=reign_heavy_N=10000,0.7,0.7004136556987937,0.6911505750207939,0.06430327773372871,100,flat_baseline,reign_heavy,10000,0.00041365569879370234
shape=flat_baseline_alpha=0.70_tier=reign_heavy_N=2000,0.7,0.7324017019938839,0.7194939443203952,0.09316413956692077,100,flat_baseline,reign_heavy,2000,0.032401701993883925
shape=flat_baseline_alpha=0.70_tier=reign_heavy_N=50000,0.7,0.7000771144330719,0.701733417303732,0.03457989657367149,100,flat_baseline,reign_heavy,50000,7.711443307190091e-05
shape=flat_baseline_alpha=0.70_tier=uniform_N=10000,0.7,0.701545610143401,0.708362307329025,0.07446642211053238,100,flat_baseline,uniform,10000,0.0015456101434010439
shape=flat_baseline_alpha=0.70_tier=uniform_N=2000,0.7,0.6802613015083604,0.6798641482231025,0.13024037911666558,100,flat_baseline,uniform,2000,-0.01973869849163956
shape=flat_baseline_alpha=0.70_tier=uniform_N=50000,0.7,0.6949789293764046,0.693161594438746,0.03575551246313679,100,flat_baseline,uniform,50000,-0.005021070623595358
shape=flat_baseline_alpha=0.95_tier=century_heavy_N=10000,0.95,0.9034907540070976,0.9117159487289062,0.05137749738721377,100,flat_baseline,century_heavy,10000,-0.046509245992902404
shape=flat_baseline_alpha=0.95_tier=century_heavy_N=2000,0.95,0.8139014845294195,0.8355445414195543,0.10137715233911127,100,flat_baseline,century_heavy,2000,-0.1360985154705805
shape=flat_baseline_alpha=0.95_tier=century_heavy_N=50000,0.95,0.9391891935665426,0.9393280556176313,0.02754710199586027,100,flat_baseline,century_heavy,50000,-0.010810806433457332
shape=flat_baseline_alpha=0.95_tier=half_century_heavy_N=10000,0.95,0.9172728849298256,0.9250399118416852,0.04360926044740468,100,flat_baseline,half_century_heavy,10000,-0.03272711507017434
shape=flat_baseline_alpha=0.95_tier=half_century_heavy_N=2000,0.95,0.8718717286046194,0.8759571067435281,0.047648833660780474,100,flat_baseline,half_century_heavy,2000,-0.07812827139538059
shape=flat_baseline_alpha=0.95_tier=half_century_heavy_N=50000,0.95,0.9483366142602153,0.9537193615931367,0.0256220208387659,100,flat_baseline,half_century_heavy,50000,-0.0016633857397846397
shape=flat_baseline_alpha=0.95_tier=pilot_proxy_N=10000,0.95,0.91303234495602,0.9176992635318849,0.042081001917926325,100,flat_baseline,pilot_proxy,10000,-0.03696765504397992
shape=flat_baseline_alpha=0.95_tier=pilot_proxy_N=2000,0.95,0.8198620961619767,0.8445795491047647,0.10087499576332264,100,flat_baseline,pilot_proxy,2000,-0.13013790383802326
shape=flat_baseline_alpha=0.95_tier=pilot_proxy_N=50000,0.95,0.9398289698510487,0.944046581680311,0.029665703404932256,100,flat_baseline,pilot_proxy,50000,-0.010171030148951266
shape=flat_baseline_alpha=0.95_tier=reign_heavy_N=10000,0.95,0.9131691530693281,0.917884813856261,0.04557698822607239,100,flat_baseline,reign_heavy,10000,-0.036830846930671846
shape=flat_baseline_alpha=0.95_tier=reign_heavy_N=2000,0.95,0.8814282194862376,0.8844434009713955,0.03878619827131098,100,flat_baseline,reign_heavy,2000,-0.06857178051376234
shape=flat_baseline_alpha=0.95_tier=reign_heavy_N=50000,0.95,0.9467631734370263,0.9475797130770494,0.024233246287194032,100,flat_baseline,reign_heavy,50000,-0.003236826562973638
shape=flat_baseline_alpha=0.95_tier=uniform_N=10000,0.95,0.9128310758752554,0.9221404056608957,0.04522109199020425,100,flat_baseline,uniform,10000,-0.037168924124744596
shape=flat_baseline_alpha=0.95_tier=uniform_N=2000,0.95,0.8304490558666277,0.8553271280708881,0.09102799768442703,100,flat_baseline,uniform,2000,-0.1195509441333723
shape=flat_baseline_alpha=0.95_tier=uniform_N=50000,0.95,0.9446604927136463,0.9507812168695342,0.027745237370764054,100,flat_baseline,uniform,50000,-0.005339507286353684
shape=regnal_cluster_alpha=0.05_tier=century_heavy_N=10000,0.05,0.2511470662016568,0.25104883490236796,0.014412773264516747,100,regnal_cluster,century_heavy,10000,0.2011470662016568
shape=regnal_cluster_alpha=0.05_tier=century_heavy_N=2000,0.05,0.2359746295180602,0.23778209920609544,0.026311931950776104,100,regnal_cluster,century_heavy,2000,0.1859746295180602
shape=regnal_cluster_alpha=0.05_tier=century_heavy_N=50000,0.05,0.25812994200110273,0.25911208260978486,0.00885392042907035,100,regnal_cluster,century_heavy,50000,0.20812994200110274
shape=regnal_cluster_alpha=0.05_tier=half_century_heavy_N=10000,0.05,0.2482480681148694,0.2501667183309577,0.015201059496447874,100,regnal_cluster,half_century_heavy,10000,0.1982480681148694
shape=regnal_cluster_alpha=0.05_tier=half_century_heavy_N=2000,0.05,0.22575625293667095,0.22566397725553275,0.024990913556569416,100,regnal_cluster,half_century_heavy,2000,0.17575625293667096
shape=regnal_cluster_alpha=0.05_tier=half_century_heavy_N=50000,0.05,0.2587240204572429,0.2590740010266226,0.007637221917394313,100,regnal_cluster,half_century_heavy,50000,0.20872402045724292
shape=regnal_cluster_alpha=0.05_tier=pilot_proxy_N=10000,0.05,0.24734178948223945,0.2468535778588316,0.014408256647167323,100,regnal_cluster,pilot_proxy,10000,0.19734178948223946
shape=regnal_cluster_alpha=0.05_tier=pilot_proxy_N=2000,0.05,0.23401023590352818,0.2332832260700688,0.023918204157013484,100,regnal_cluster,pilot_proxy,2000,0.18401023590352816
shape=regnal_cluster_alpha=0.05_tier=pilot_proxy_N=50000,0.05,0.2588400030839978,0.2595674611860772,0.007508400387355292,100,regnal_cluster,pilot_proxy,50000,0.2088400030839978
shape=regnal_cluster_alpha=0.05_tier=reign_heavy_N=10000,0.05,0.2486638000227545,0.24922538521433998,0.015074140615242634,100,regnal_cluster,reign_heavy,10000,0.19866380002275452
shape=regnal_cluster_alpha=0.05_tier=reign_heavy_N=2000,0.05,0.2353312751871202,0.23410303945669983,0.024970855382210073,100,regnal_cluster,reign_heavy,2000,0.18533127518712017
shape=regnal_cluster_alpha=0.05_tier=reign_heavy_N=50000,0.05,0.2576608883149511,0.2578628540410069,0.00889020485959975,100,regnal_cluster,reign_heavy,50000,0.2076608883149511
shape=regnal_cluster_alpha=0.05_tier=uniform_N=10000,0.05,0.24998962647394898,0.2518989394389068,0.01336771792411638,100,regnal_cluster,uniform,10000,0.19998962647394897
shape=regnal_cluster_alpha=0.05_tier=uniform_N=2000,0.05,0.23168171181246927,0.2307038302266744,0.025191629367653942,100,regnal_cluster,uniform,2000,0.18168171181246928
shape=regnal_cluster_alpha=0.05_tier=uniform_N=50000,0.05,0.2570187431540372,0.25842329971452604,0.00930854135928768,100,regnal_cluster,uniform,50000,0.20701874315403723
shape=regnal_cluster_alpha=0.30_tier=century_heavy_N=10000,0.3,0.43975308558108794,0.4423239930185521,0.01650848191053574,100,regnal_cluster,century_heavy,10000,0.13975308558108795
shape=regnal_cluster_alpha=0.30_tier=century_heavy_N=2000,0.3,0.4250833782100863,0.4244203428550777,0.03180620955458877,100,regnal_cluster,century_heavy,2000,0.1250833782100863
shape=regnal_cluster_alpha=0.30_tier=century_heavy_N=50000,0.3,0.45041777718108306,0.4508114342288239,0.00882730241147954,100,regnal_cluster,century_heavy,50000,0.15041777718108307
shape=regnal_cluster_alpha=0.30_tier=half_century_heavy_N=10000,0.3,0.43433303007397234,0.4344601620336815,0.015090641778163915,100,regnal_cluster,half_century_heavy,10000,0.13433303007397235
shape=regnal_cluster_alpha=0.30_tier=half_century_heavy_N=2000,0.3,0.397040711067085,0.39699952179173253,0.036311361644604696,100,regnal_cluster,half_century_heavy,2000,0.097040711067085
shape=regnal_cluster_alpha=0.30_tier=half_century_heavy_N=50000,0.3,0.44920203948747955,0.44873692855745456,0.008154978052391109,100,regnal_cluster,half_century_heavy,50000,0.14920203948747957
shape=regnal_cluster_alpha=0.30_tier=pilot_proxy_N=10000,0.3,0.4413681487581572,0.4417693475713078,0.015847088396231473,100,regnal_cluster,pilot_proxy,10000,0.14136814875815723
shape=regnal_cluster_alpha=0.30_tier=pilot_proxy_N=2000,0.3,0.4158494504627575,0.41870255814817603,0.028147862679633675,100,regnal_cluster,pilot_proxy,2000,0.11584945046275752
shape=regnal_cluster_alpha=0.30_tier=pilot_proxy_N=50000,0.3,0.44878018749851867,0.45032114934164363,0.009747094023049935,100,regnal_cluster,pilot_proxy,50000,0.14878018749851868
shape=regnal_cluster_alpha=0.30_tier=reign_heavy_N=10000,0.3,0.4406711285816637,0.44216531793290803,0.014405921074572732,100,regnal_cluster,reign_heavy,10000,0.1406711285816637
shape=regnal_cluster_alpha=0.30_tier=reign_heavy_N=2000,0.3,0.42313187675629416,0.42466212270551285,0.02727175795096366,100,regnal_cluster,reign_heavy,2000,0.12313187675629417
shape=regnal_cluster_alpha=0.30_tier=reign_heavy_N=50000,0.3,0.4519581380948025,0.4519031046123036,0.008542887351110187,100,regnal_cluster,reign_heavy,50000,0.15195813809480252
shape=regnal_cluster_alpha=0.30_tier=uniform_N=10000,0.3,0.43753573969442777,0.4381079198601158,0.015878424038944322,100,regnal_cluster,uniform,10000,0.13753573969442778
shape=regnal_cluster_alpha=0.30_tier=uniform_N=2000,0.3,0.41045708707131806,0.4134595692146614,0.033637008268963035,100,regnal_cluster,uniform,2000,0.11045708707131807
shape=regnal_cluster_alpha=0.30_tier=uniform_N=50000,0.3,0.44943870234558003,0.4489777746654177,0.00817636899076812,100,regnal_cluster,uniform,50000,0.14943870234558004
shape=regnal_cluster_alpha=0.50_tier=century_heavy_N=10000,0.5,0.5926797710111704,0.593063749700075,0.01596537961735638,100,regnal_cluster,century_heavy,10000,0.09267977101117042
shape=regnal_cluster_alpha=0.50_tier=century_heavy_N=2000,0.5,0.5685310902119843,0.5697719084622719,0.03731111470277428,100,regnal_cluster,century_heavy,2000,0.06853109021198434
shape=regnal_cluster_alpha=0.50_tier=century_heavy_N=50000,0.5,0.6050424805858919,0.6058011421223981,0.009062040950717633,100,regnal_cluster,century_heavy,50000,0.10504248058589194
shape=regnal_cluster_alpha=0.50_tier=half_century_heavy_N=10000,0.5,0.5780574735593575,0.5784886560635679,0.019070083490465205,100,regnal_cluster,half_century_heavy,10000,0.07805747355935755
shape=regnal_cluster_alpha=0.50_tier=half_century_heavy_N=2000,0.5,0.5566701855151815,0.560540649305852,0.04486579621650363,100,regnal_cluster,half_century_heavy,2000,0.05667018551518155
shape=regnal_cluster_alpha=0.50_tier=half_century_heavy_N=50000,0.5,0.5998299725605137,0.6008997501753341,0.010431448489414,100,regnal_cluster,half_century_heavy,50000,0.09982997256051374
shape=regnal_cluster_alpha=0.50_tier=pilot_proxy_N=10000,0.5,0.5864823288281736,0.5875196911932841,0.01811959457538932,100,regnal_cluster,pilot_proxy,10000,0.08648232882817364
shape=regnal_cluster_alpha=0.50_tier=pilot_proxy_N=2000,0.5,0.5666334240953287,0.5685733533382937,0.044656382665242376,100,regnal_cluster,pilot_proxy,2000,0.06663342409532869
shape=regnal_cluster_alpha=0.50_tier=pilot_proxy_N=50000,0.5,0.6031633603367206,0.6042715477629366,0.008298132853950212,100,regnal_cluster,pilot_proxy,50000,0.10316336033672058
shape=regnal_cluster_alpha=0.50_tier=reign_heavy_N=10000,0.5,0.5924853282185345,0.5922415662691369,0.01747597111982262,100,regnal_cluster,reign_heavy,10000,0.0924853282185345
shape=regnal_cluster_alpha=0.50_tier=reign_heavy_N=2000,0.5,0.5713385682587554,0.5729405679617736,0.03306834234261161,100,regnal_cluster,reign_heavy,2000,0.0713385682587554
shape=regnal_cluster_alpha=0.50_tier=reign_heavy_N=50000,0.5,0.6054689152977456,0.6057338236769847,0.007401484091713296,100,regnal_cluster,reign_heavy,50000,0.1054689152977456
shape=regnal_cluster_alpha=0.50_tier=uniform_N=10000,0.5,0.5859619300172902,0.5885443952838834,0.01905378348792059,100,regnal_cluster,uniform,10000,0.08596193001729024
shape=regnal_cluster_alpha=0.50_tier=uniform_N=2000,0.5,0.5532584227709468,0.5590931708115041,0.049458754825730575,100,regnal_cluster,uniform,2000,0.053258422770946834
shape=regnal_cluster_alpha=0.50_tier=uniform_N=50000,0.5,0.6044913025977833,0.604607127102695,0.008898954460673316,100,regnal_cluster,uniform,50000,0.10449130259778328
shape=regnal_cluster_alpha=0.70_tier=century_heavy_N=10000,0.7,0.7424159034948417,0.7429904306994186,0.018625312811647258,100,regnal_cluster,century_heavy,10000,0.0424159034948417
shape=regnal_cluster_alpha=0.70_tier=century_heavy_N=2000,0.7,0.7061763520497538,0.7143978865349816,0.04886058542257029,100,regnal_cluster,century_heavy,2000,0.006176352049753864
shape=regnal_cluster_alpha=0.70_tier=century_heavy_N=50000,0.7,0.758202706742731,0.7588815368200827,0.008911587638352527,100,regnal_cluster,century_heavy,50000,0.05820270674273109
shape=regnal_cluster_alpha=0.70_tier=half_century_heavy_N=10000,0.7,0.7333533098080995,0.7342755714138092,0.020913565270074135,100,regnal_cluster,half_century_heavy,10000,0.033353309808099585
shape=regnal_cluster_alpha=0.70_tier=half_century_heavy_N=2000,0.7,0.6963008111049355,0.7054333203026626,0.045374254169926666,100,regnal_cluster,half_century_heavy,2000,-0.003699188895064487
shape=regnal_cluster_alpha=0.70_tier=half_century_heavy_N=50000,0.7,0.7524568336663913,0.753537261064209,0.009125118269690258,100,regnal_cluster,half_century_heavy,50000,0.05245683366639131
shape=regnal_cluster_alpha=0.70_tier=pilot_proxy_N=10000,0.7,0.7407519022307768,0.7408979470306425,0.020332578951563936,100,regnal_cluster,pilot_proxy,10000,0.04075190223077685
shape=regnal_cluster_alpha=0.70_tier=pilot_proxy_N=2000,0.7,0.7018130188838723,0.7164632294156325,0.055733396500746296,100,regnal_cluster,pilot_proxy,2000,0.0018130188838723083
shape=regnal_cluster_alpha=0.70_tier=pilot_proxy_N=50000,0.7,0.7576048667285542,0.7582731346584168,0.008421417930031412,100,regnal_cluster,pilot_proxy,50000,0.05760486672855425
shape=regnal_cluster_alpha=0.70_tier=reign_heavy_N=10000,0.7,0.7465512761850087,0.7466511092543632,0.018670591838690673,100,regnal_cluster,reign_heavy,10000,0.04655127618500876
shape=regnal_cluster_alpha=0.70_tier=reign_heavy_N=2000,0.7,0.7298854115126336,0.7336928565852443,0.03331860253102774,100,regnal_cluster,reign_heavy,2000,0.029885411512633686
shape=regnal_cluster_alpha=0.70_tier=reign_heavy_N=50000,0.7,0.7574979256309166,0.7579374312912853,0.00823694081726508,100,regnal_cluster,reign_heavy,50000,0.0574979256309166
shape=regnal_cluster_alpha=0.70_tier=uniform_N=10000,0.7,0.7355788154967768,0.7379807724160916,0.021815874926084444,100,regnal_cluster,uniform,10000,0.03557881549677688
shape=regnal_cluster_alpha=0.70_tier=uniform_N=2000,0.7,0.6962410418690521,0.7008397850378483,0.053936862525067956,100,regnal_cluster,uniform,2000,-0.0037589581309478426
shape=regnal_cluster_alpha=0.70_tier=uniform_N=50000,0.7,0.7557664777319074,0.7559108005558339,0.007332284530874312,100,regnal_cluster,uniform,50000,0.05576647773190746
shape=regnal_cluster_alpha=0.95_tier=century_heavy_N=10000,0.95,0.9039795642456742,0.911489162028337,0.044436661384695535,100,regnal_cluster,century_heavy,10000,-0.046020435754325795
shape=regnal_cluster_alpha=0.95_tier=century_heavy_N=2000,0.95,0.8169924978973634,0.8376840104061098,0.08628841614101963,100,regnal_cluster,century_heavy,2000,-0.13300750210263657
shape=regnal_cluster_alpha=0.95_tier=century_heavy_N=50000,0.95,0.9436102159156701,0.9467085217999985,0.012939621464922267,100,regnal_cluster,century_heavy,50000,-0.006389784084329886
shape=regnal_cluster_alpha=0.95_tier=half_century_heavy_N=10000,0.95,0.9162777102437668,0.9209532315226674,0.032307980138586295,100,regnal_cluster,half_century_heavy,10000,-0.03372228975623315
shape=regnal_cluster_alpha=0.95_tier=half_century_heavy_N=2000,0.95,0.8565510633145199,0.8653776430294737,0.05928793171670091,100,regnal_cluster,half_century_heavy,2000,-0.09344893668548004
shape=regnal_cluster_alpha=0.95_tier=half_century_heavy_N=50000,0.95,0.9422659372810618,0.9440285171882433,0.012012224108552837,100,regnal_cluster,half_century_heavy,50000,-0.007734062718938173
shape=regnal_cluster_alpha=0.95_tier=pilot_proxy_N=10000,0.95,0.9087622926417898,0.9195425695139179,0.04376851322057273,100,regnal_cluster,pilot_proxy,10000,-0.041237707358210196
shape=regnal_cluster_alpha=0.95_tier=pilot_proxy_N=2000,0.95,0.8295513271534118,0.8458844863396446,0.09772217180141232,100,regnal_cluster,pilot_proxy,2000,-0.12044867284658811
shape=regnal_cluster_alpha=0.95_tier=pilot_proxy_N=50000,0.95,0.9417844768543004,0.9442456544223139,0.01253559107704837,100,regnal_cluster,pilot_proxy,50000,-0.00821552314569951
shape=regnal_cluster_alpha=0.95_tier=reign_heavy_N=10000,0.95,0.9278196612141596,0.9325888852613424,0.031060173203506302,100,regnal_cluster,reign_heavy,10000,-0.02218033878584036
shape=regnal_cluster_alpha=0.95_tier=reign_heavy_N=2000,0.95,0.8831584688462347,0.8905859245605342,0.03967727634052508,100,regnal_cluster,reign_heavy,2000,-0.06684153115376523
shape=regnal_cluster_alpha=0.95_tier=reign_heavy_N=50000,0.95,0.9502162322546684,0.951764660942654,0.009488127225980346,100,regnal_cluster,reign_heavy,50000,0.00021623225466849139
shape=regnal_cluster_alpha=0.95_tier=uniform_N=10000,0.95,0.904805241021887,0.9135389564070187,0.044619456173183684,100,regnal_cluster,uniform,10000,-0.04519475897811298
shape=regnal_cluster_alpha=0.95_tier=uniform_N=2000,0.95,0.8430489253730675,0.860967034322433,0.0750178561674676,100,regnal_cluster,uniform,2000,-0.10695107462693243
shape=regnal_cluster_alpha=0.95_tier=uniform_N=50000,0.95,0.9438132020386216,0.9467960272447618,0.012162269830676642,100,regnal_cluster,uniform,50000,-0.006186797961378332
shape=rise_and_fall_alpha=0.05_tier=century_heavy_N=10000,0.05,0.05226438964568692,0.05104203203401915,0.014394931539427735,100,rise_and_fall,century_heavy,10000,0.002264389645686919
shape=rise_and_fall_alpha=0.05_tier=century_heavy_N=2000,0.05,0.08103444183854353,0.07729651549941233,0.021056504624608233,100,rise_and_fall,century_heavy,2000,0.031034441838543522
shape=rise_and_fall_alpha=0.05_tier=century_heavy_N=50000,0.05,0.03292557548382277,0.03153385012263295,0.008291407464394319,100,rise_and_fall,century_heavy,50000,-0.01707442451617723
shape=rise_and_fall_alpha=0.05_tier=half_century_heavy_N=10000,0.05,0.08457352802018389,0.08437056188491115,0.022763948777133343,100,rise_and_fall,half_century_heavy,10000,0.03457352802018389
shape=rise_and_fall_alpha=0.05_tier=half_century_heavy_N=2000,0.05,0.11350224713382472,0.11041896125745145,0.03705790101046988,100,rise_and_fall,half_century_heavy,2000,0.06350224713382471
shape=rise_and_fall_alpha=0.05_tier=half_century_heavy_N=50000,0.05,0.06720919903038355,0.06591778143475177,0.014874347946168346,100,rise_and_fall,half_century_heavy,50000,0.01720919903038355
shape=rise_and_fall_alpha=0.05_tier=pilot_proxy_N=10000,0.05,0.05840110257079296,0.055287901420723026,0.01844037926482926,100,rise_and_fall,pilot_proxy,10000,0.008401102570792955
shape=rise_and_fall_alpha=0.05_tier=pilot_proxy_N=2000,0.05,0.09500649255095737,0.08900576658402333,0.029484883751614697,100,rise_and_fall,pilot_proxy,2000,0.04500649255095737
shape=rise_and_fall_alpha=0.05_tier=pilot_proxy_N=50000,0.05,0.04052367892784464,0.038842572402381315,0.011364221486403455,100,rise_and_fall,pilot_proxy,50000,-0.009476321072155361
shape=rise_and_fall_alpha=0.05_tier=reign_heavy_N=10000,0.05,0.09389469498160713,0.09262858768878825,0.02129478817388863,100,rise_and_fall,reign_heavy,10000,0.04389469498160713
shape=rise_and_fall_alpha=0.05_tier=reign_heavy_N=2000,0.05,0.11725410688875522,0.11880354138127765,0.0323110696624305,100,rise_and_fall,reign_heavy,2000,0.06725410688875522
shape=rise_and_fall_alpha=0.05_tier=reign_heavy_N=50000,0.05,0.07305876432763486,0.07179715647389395,0.01099874488035615,100,rise_and_fall,reign_heavy,50000,0.02305876432763486
shape=rise_and_fall_alpha=0.05_tier=uniform_N=10000,0.05,0.07795531607236132,0.0781991711262457,0.019299667063451934,100,rise_and_fall,uniform,10000,0.02795531607236132
shape=rise_and_fall_alpha=0.05_tier=uniform_N=2000,0.05,0.10414677165208387,0.10120339479675382,0.03190906681953585,100,rise_and_fall,uniform,2000,0.05414677165208387
shape=rise_and_fall_alpha=0.05_tier=uniform_N=50000,0.05,0.057941664654512365,0.058718860405629306,0.010680610154973864,100,rise_and_fall,uniform,50000,0.007941664654512362
shape=rise_and_fall_alpha=0.30_tier=century_heavy_N=10000,0.3,0.1584679819492415,0.15924894746612844,0.030398756028306235,100,rise_and_fall,century_heavy,10000,-0.1415320180507585
shape=rise_and_fall_alpha=0.30_tier=century_heavy_N=2000,0.3,0.18441456580736618,0.1801808852689672,0.03705799316265801,100,rise_and_fall,century_heavy,2000,-0.11558543419263381
shape=rise_and_fall_alpha=0.30_tier=century_heavy_N=50000,0.3,0.18767083329858358,0.18687793938700095,0.023051472602359006,100,rise_and_fall,century_heavy,50000,-0.1123291667014164
shape=rise_and_fall_alpha=0.30_tier=half_century_heavy_N=10000,0.3,0.2592491439775177,0.2612068535403239,0.02293414629244907,100,rise_and_fall,half_century_heavy,10000,-0.040750856022482296
shape=rise_and_fall_alpha=0.30_tier=half_century_heavy_N=2000,0.3,0.28929902980400585,0.29606423705720675,0.04332974560262621,100,rise_and_fall,half_century_heavy,2000,-0.010700970195994142
shape=rise_and_fall_alpha=0.30_tier=half_century_heavy_N=50000,0.3,0.24952705793168295,0.2503911877896272,0.015668624948307182,100,rise_and_fall,half_century_heavy,50000,-0.05047294206831704
shape=rise_and_fall_alpha=0.30_tier=pilot_proxy_N=10000,0.3,0.15790900443623357,0.15455097456980826,0.034879388095843455,100,rise_and_fall,pilot_proxy,10000,-0.14209099556376642
shape=rise_and_fall_alpha=0.30_tier=pilot_proxy_N=2000,0.3,0.18836477855800615,0.18803292295950355,0.039876674946538876,100,rise_and_fall,pilot_proxy,2000,-0.11163522144199384
shape=rise_and_fall_alpha=0.30_tier=pilot_proxy_N=50000,0.3,0.18306982523022788,0.18476149725825564,0.0330391417383406,100,rise_and_fall,pilot_proxy,50000,-0.1169301747697721
shape=rise_and_fall_alpha=0.30_tier=reign_heavy_N=10000,0.3,0.27091940788726576,0.2684741697801475,0.018077821207406378,100,rise_and_fall,reign_heavy,10000,-0.029080592112734227
shape=rise_and_fall_alpha=0.30_tier=reign_heavy_N=2000,0.3,0.30445452570885106,0.30519095327923185,0.03396865736808503,100,rise_and_fall,reign_heavy,2000,0.004454525708851076
shape=rise_and_fall_alpha=0.30_tier=reign_heavy_N=50000,0.3,0.25673717587542566,0.25522591917292176,0.013330665746240918,100,rise_and_fall,reign_heavy,50000,-0.04326282412457433
shape=rise_and_fall_alpha=0.30_tier=uniform_N=10000,0.3,0.2154977877839037,0.21372813912175898,0.024864104176117983,100,rise_and_fall,uniform,10000,-0.0845022122160963
shape=rise_and_fall_alpha=0.30_tier=uniform_N=2000,0.3,0.2402751317638777,0.2367086635937357,0.041222626442284235,100,rise_and_fall,uniform,2000,-0.0597248682361223
shape=rise_and_fall_alpha=0.30_tier=uniform_N=50000,0.3,0.20937319392897863,0.20821894244944172,0.023477694385956486,100,rise_and_fall,uniform,50000,-0.09062680607102136
shape=rise_and_fall_alpha=0.50_tier=century_heavy_N=10000,0.5,0.34181424987981374,0.3432077548392236,0.0457662113421835,100,rise_and_fall,century_heavy,10000,-0.15818575012018626
shape=rise_and_fall_alpha=0.50_tier=century_heavy_N=2000,0.5,0.3052705278915138,0.30863742836924835,0.05749624808484681,100,rise_and_fall,century_heavy,2000,-0.19472947210848618
shape=rise_and_fall_alpha=0.50_tier=century_heavy_N=50000,0.5,0.3900718085852985,0.3928658662145734,0.029012644534942553,100,rise_and_fall,century_heavy,50000,-0.1099281914147015
shape=rise_and_fall_alpha=0.50_tier=half_century_heavy_N=10000,0.5,0.42338784586898615,0.421397952781441,0.031524827161947315,100,rise_and_fall,half_century_heavy,10000,-0.07661215413101385
shape=rise_and_fall_alpha=0.50_tier=half_century_heavy_N=2000,0.5,0.46192467542189214,0.46195891057539595,0.04084230367350757,100,rise_and_fall,half_century_heavy,2000,-0.03807532457810786
shape=rise_and_fall_alpha=0.50_tier=half_century_heavy_N=50000,0.5,0.42300255589118213,0.42174721536389814,0.02153164431164409,100,rise_and_fall,half_century_heavy,50000,-0.07699744410881787
shape=rise_and_fall_alpha=0.50_tier=pilot_proxy_N=10000,0.5,0.3294325430091821,0.32693500295443567,0.05120605709624558,100,rise_and_fall,pilot_proxy,10000,-0.17056745699081788
shape=rise_and_fall_alpha=0.50_tier=pilot_proxy_N=2000,0.5,0.3060401617727026,0.2981396812293219,0.0629942355850569,100,rise_and_fall,pilot_proxy,2000,-0.1939598382272974
shape=rise_and_fall_alpha=0.50_tier=pilot_proxy_N=50000,0.5,0.3878486027204001,0.38893201198778427,0.03162280686356615,100,rise_and_fall,pilot_proxy,50000,-0.11215139727959988
shape=rise_and_fall_alpha=0.50_tier=reign_heavy_N=10000,0.5,0.4393371682503037,0.4381704857643123,0.02454489210803636,100,rise_and_fall,reign_heavy,10000,-0.06066283174969628
shape=rise_and_fall_alpha=0.50_tier=reign_heavy_N=2000,0.5,0.46988908343591945,0.4663216075273202,0.034105641293872224,100,rise_and_fall,reign_heavy,2000,-0.030110916564080548
shape=rise_and_fall_alpha=0.50_tier=reign_heavy_N=50000,0.5,0.42725768182551,0.426685513786887,0.01819710291667348,100,rise_and_fall,reign_heavy,50000,-0.07274231817449
shape=rise_and_fall_alpha=0.50_tier=uniform_N=10000,0.5,0.37552247640398273,0.37060950826046013,0.042284779680093885,100,rise_and_fall,uniform,10000,-0.12447752359601727
shape=rise_and_fall_alpha=0.50_tier=uniform_N=2000,0.5,0.37749828827056736,0.37954963669886377,0.04800607583810917,100,rise_and_fall,uniform,2000,-0.12250171172943264
shape=rise_and_fall_alpha=0.50_tier=uniform_N=50000,0.5,0.399892967863995,0.4031115475685789,0.02845491840406493,100,rise_and_fall,uniform,50000,-0.10010703213600503
shape=rise_and_fall_alpha=0.70_tier=century_heavy_N=10000,0.7,0.5637077474906973,0.5609363181053004,0.06403706309210284,100,rise_and_fall,century_heavy,10000,-0.13629225250930266
shape=rise_and_fall_alpha=0.70_tier=century_heavy_N=2000,0.7,0.49656541946143645,0.5048438279777727,0.08421359887197402,100,rise_and_fall,century_heavy,2000,-0.2034345805385635
shape=rise_and_fall_alpha=0.70_tier=century_heavy_N=50000,0.7,0.6080882170382349,0.6099353049591036,0.02719572958739655,100,rise_and_fall,century_heavy,50000,-0.09191178296176505
shape=rise_and_fall_alpha=0.70_tier=half_century_heavy_N=10000,0.7,0.607648324785917,0.6083278193895636,0.03869335907362209,100,rise_and_fall,half_century_heavy,10000,-0.09235167521408294
shape=rise_and_fall_alpha=0.70_tier=half_century_heavy_N=2000,0.7,0.6251888619500626,0.6186307797044974,0.054932207774818276,100,rise_and_fall,half_century_heavy,2000,-0.07481113804993733
shape=rise_and_fall_alpha=0.70_tier=half_century_heavy_N=50000,0.7,0.627611652203191,0.6307364679071336,0.02739137257952983,100,rise_and_fall,half_century_heavy,50000,-0.07238834779680892
shape=rise_and_fall_alpha=0.70_tier=pilot_proxy_N=10000,0.7,0.5659611292835095,0.5691567638132683,0.051311649950879494,100,rise_and_fall,pilot_proxy,10000,-0.13403887071649045
shape=rise_and_fall_alpha=0.70_tier=pilot_proxy_N=2000,0.7,0.4956015452386449,0.49976261723453275,0.0971417848979708,100,rise_and_fall,pilot_proxy,2000,-0.20439845476135504
shape=rise_and_fall_alpha=0.70_tier=pilot_proxy_N=50000,0.7,0.6078540467661863,0.6119045878633282,0.02771974374334328,100,rise_and_fall,pilot_proxy,50000,-0.0921459532338137
shape=rise_and_fall_alpha=0.70_tier=reign_heavy_N=10000,0.7,0.629549805298035,0.629546547927965,0.031800625102610225,100,rise_and_fall,reign_heavy,10000,-0.07045019470196501
shape=rise_and_fall_alpha=0.70_tier=reign_heavy_N=2000,0.7,0.6490692538967464,0.6504889465056515,0.04276974250483308,100,rise_and_fall,reign_heavy,2000,-0.050930746103253544
shape=rise_and_fall_alpha=0.70_tier=reign_heavy_N=50000,0.7,0.6292527493754556,0.6318877301051692,0.025185210728137016,100,rise_and_fall,reign_heavy,50000,-0.07074725062454434
shape=rise_and_fall_alpha=0.70_tier=uniform_N=10000,0.7,0.5846083875307446,0.5887468494786445,0.046741518283359394,100,rise_and_fall,uniform,10000,-0.11539161246925533
shape=rise_and_fall_alpha=0.70_tier=uniform_N=2000,0.7,0.5694015217611174,0.570590302391477,0.06606137462113558,100,rise_and_fall,uniform,2000,-0.1305984782388826
shape=rise_and_fall_alpha=0.70_tier=uniform_N=50000,0.7,0.6151197882379799,0.6185024919179747,0.028615868896270918,100,rise_and_fall,uniform,50000,-0.0848802117620201
shape=rise_and_fall_alpha=0.95_tier=century_heavy_N=10000,0.95,0.8902265523402373,0.8930897280105301,0.04742401714756738,100,rise_and_fall,century_heavy,10000,-0.05977344765976267
shape=rise_and_fall_alpha=0.95_tier=century_heavy_N=2000,0.95,0.8057248486091426,0.8351898027593925,0.10602585455584618,100,rise_and_fall,century_heavy,2000,-0.14427515139085734
shape=rise_and_fall_alpha=0.95_tier=century_heavy_N=50000,0.95,0.9144512121382278,0.916825030802936,0.020241656822232564,100,rise_and_fall,century_heavy,50000,-0.03554878786177218
shape=rise_and_fall_alpha=0.95_tier=half_century_heavy_N=10000,0.95,0.9062220923844474,0.9162302726313203,0.03719509083720308,100,rise_and_fall,half_century_heavy,10000,-0.04377790761555256
shape=rise_and_fall_alpha=0.95_tier=half_century_heavy_N=2000,0.95,0.8637584984040265,0.8704346887748562,0.04628004526028035,100,rise_and_fall,half_century_heavy,2000,-0.08624150159597344
shape=rise_and_fall_alpha=0.95_tier=half_century_heavy_N=50000,0.95,0.9249652731350609,0.9273069650361503,0.017794082245468447,100,rise_and_fall,half_century_heavy,50000,-0.025034726864939016
shape=rise_and_fall_alpha=0.95_tier=pilot_proxy_N=10000,0.95,0.8921186388108521,0.9012913737021692,0.04380835662995438,100,rise_and_fall,pilot_proxy,10000,-0.057881361189147884
shape=rise_and_fall_alpha=0.95_tier=pilot_proxy_N=2000,0.95,0.8178890036256986,0.8500214119574984,0.09200670313080964,100,rise_and_fall,pilot_proxy,2000,-0.13211099637430135
shape=rise_and_fall_alpha=0.95_tier=pilot_proxy_N=50000,0.95,0.9156566300866327,0.9178219300748831,0.01962508182709951,100,rise_and_fall,pilot_proxy,50000,-0.03434336991336728
shape=rise_and_fall_alpha=0.95_tier=reign_heavy_N=10000,0.95,0.9144781022891227,0.9221680685455547,0.036062025167117887,100,rise_and_fall,reign_heavy,10000,-0.035521897710877215
shape=rise_and_fall_alpha=0.95_tier=reign_heavy_N=2000,0.95,0.8773102016926374,0.8883637060101819,0.0453493232934259,100,rise_and_fall,reign_heavy,2000,-0.07268979830736255
shape=rise_and_fall_alpha=0.95_tier=reign_heavy_N=50000,0.95,0.9280534652776272,0.9300458545936636,0.01904624449409134,100,rise_and_fall,reign_heavy,50000,-0.021946534722372735
shape=rise_and_fall_alpha=0.95_tier=uniform_N=10000,0.95,0.9024666602382786,0.9115824897804718,0.03839658958569561,100,rise_and_fall,uniform,10000,-0.04753333976172136
shape=rise_and_fall_alpha=0.95_tier=uniform_N=2000,0.95,0.8429602713322926,0.8637286337460515,0.07192695342688626,100,rise_and_fall,uniform,2000,-0.10703972866770739
shape=rise_and_fall_alpha=0.95_tier=uniform_N=50000,0.95,0.9216817433926646,0.9226236885695434,0.019239744103590896,100,rise_and_fall,uniform,50000,-0.028318256607335335
shape=smooth_decline_alpha=0.05_tier=century_heavy_N=10000,0.05,0.08970093423272509,0.08936641775820262,0.02170696182777627,100,smooth_decline,century_heavy,10000,0.03970093423272508
shape=smooth_decline_alpha=0.05_tier=century_heavy_N=2000,0.05,0.15122292948373303,0.14453090481239325,0.03347484540875317,100,smooth_decline,century_heavy,2000,0.10122292948373303
shape=smooth_decline_alpha=0.05_tier=century_heavy_N=50000,0.05,0.054776600132868766,0.0530397998251864,0.01457072567616414,100,smooth_decline,century_heavy,50000,0.0047766001328687635
shape=smooth_decline_alpha=0.05_tier=half_century_heavy_N=10000,0.05,0.10088383865349881,0.09904871647943264,0.02368237925896569,100,smooth_decline,half_century_heavy,10000,0.05088383865349881
shape=smooth_decline_alpha=0.05_tier=half_century_heavy_N=2000,0.05,0.1519174658417499,0.14890551712318523,0.0394096846392699,100,smooth_decline,half_century_heavy,2000,0.10191746584174989
shape=smooth_decline_alpha=0.05_tier=half_century_heavy_N=50000,0.05,0.07250936905519208,0.07070827395731913,0.016856185679661784,100,smooth_decline,half_century_heavy,50000,0.022509369055192074
shape=smooth_decline_alpha=0.05_tier=pilot_proxy_N=10000,0.05,0.08778718916544612,0.08402906074375444,0.020953626483428113,100,smooth_decline,pilot_proxy,10000,0.037787189165446114
shape=smooth_decline_alpha=0.05_tier=pilot_proxy_N=2000,0.05,0.15124958757795698,0.147054464163106,0.039822867751397754,100,smooth_decline,pilot_proxy,2000,0.10124958757795698
shape=smooth_decline_alpha=0.05_tier=pilot_proxy_N=50000,0.05,0.05667105383646934,0.05478656513345202,0.016710263275518104,100,smooth_decline,pilot_proxy,50000,0.0066710538364693345
shape=smooth_decline_alpha=0.05_tier=reign_heavy_N=10000,0.05,0.10463394543379718,0.10255099259997891,0.02711367149413794,100,smooth_decline,reign_heavy,10000,0.05463394543379718
shape=smooth_decline_alpha=0.05_tier=reign_heavy_N=2000,0.05,0.15175519806316276,0.14431172986789587,0.035128945769567724,100,smooth_decline,reign_heavy,2000,0.10175519806316276
shape=smooth_decline_alpha=0.05_tier=reign_heavy_N=50000,0.05,0.07813029985208088,0.07821429091149601,0.013084305681204413,100,smooth_decline,reign_heavy,50000,0.028130299852080876
shape=smooth_decline_alpha=0.05_tier=uniform_N=10000,0.05,0.09410053616211046,0.0923869427542331,0.02310520212470632,100,smooth_decline,uniform,10000,0.04410053616211046
shape=smooth_decline_alpha=0.05_tier=uniform_N=2000,0.05,0.15300263581530363,0.14846268834861265,0.03955096521003158,100,smooth_decline,uniform,2000,0.10300263581530363
shape=smooth_decline_alpha=0.05_tier=uniform_N=50000,0.05,0.06328166671443737,0.06302067322813425,0.014900554414285559,100,smooth_decline,uniform,50000,0.013281666714437368
shape=smooth_decline_alpha=0.30_tier=century_heavy_N=10000,0.3,0.23263678959829914,0.229944730956374,0.06112113709892632,100,smooth_decline,century_heavy,10000,-0.06736321040170085
shape=smooth_decline_alpha=0.30_tier=century_heavy_N=2000,0.3,0.26083434407200323,0.26113089522813937,0.07212345617877106,100,smooth_decline,century_heavy,2000,-0.039165655927996756
shape=smooth_decline_alpha=0.30_tier=century_heavy_N=50000,0.3,0.2505452209824571,0.24838458069339664,0.04018596606787449,100,smooth_decline,century_heavy,50000,-0.049454779017542916
shape=smooth_decline_alpha=0.30_tier=half_century_heavy_N=10000,0.3,0.2928546603441368,0.2923146235642739,0.03451597940057231,100,smooth_decline,half_century_heavy,10000,-0.00714533965586317
shape=smooth_decline_alpha=0.30_tier=half_century_heavy_N=2000,0.3,0.3386221958632267,0.34176106409420604,0.05792067873885411,100,smooth_decline,half_century_heavy,2000,0.03862219586322674
shape=smooth_decline_alpha=0.30_tier=half_century_heavy_N=50000,0.3,0.2776472169443151,0.27558239395557405,0.025601370168184395,100,smooth_decline,half_century_heavy,50000,-0.02235278305568489
shape=smooth_decline_alpha=0.30_tier=pilot_proxy_N=10000,0.3,0.23536015614507502,0.23531343214369685,0.06194454970242731,100,smooth_decline,pilot_proxy,10000,-0.06463984385492497
shape=smooth_decline_alpha=0.30_tier=pilot_proxy_N=2000,0.3,0.26173087384183974,0.24562866835892988,0.08555163278703178,100,smooth_decline,pilot_proxy,2000,-0.03826912615816025
shape=smooth_decline_alpha=0.30_tier=pilot_proxy_N=50000,0.3,0.24266839341045274,0.2484488011041646,0.037715685703475665,100,smooth_decline,pilot_proxy,50000,-0.05733160658954725
shape=smooth_decline_alpha=0.30_tier=reign_heavy_N=10000,0.3,0.3096732845522338,0.30426391146420295,0.0365513521833962,100,smooth_decline,reign_heavy,10000,0.009673284552233818
shape=smooth_decline_alpha=0.30_tier=reign_heavy_N=2000,0.3,0.3463517771612151,0.3431900763489364,0.05274200556346031,100,smooth_decline,reign_heavy,2000,0.046351777161215135
shape=smooth_decline_alpha=0.30_tier=reign_heavy_N=50000,0.3,0.28855689596683637,0.28728729536752257,0.02300607438673234,100,smooth_decline,reign_heavy,50000,-0.01144310403316362
shape=smooth_decline_alpha=0.30_tier=uniform_N=10000,0.3,0.2709048640134124,0.2660791966614074,0.042935652012868086,100,smooth_decline,uniform,10000,-0.029095135986587584
shape=smooth_decline_alpha=0.30_tier=uniform_N=2000,0.3,0.2876468888346975,0.2828807765592639,0.06572945818126161,100,smooth_decline,uniform,2000,-0.012353111165302466
shape=smooth_decline_alpha=0.30_tier=uniform_N=50000,0.3,0.26544785226392337,0.26518285784170303,0.03446160842651118,100,smooth_decline,uniform,50000,-0.03455214773607662
shape=smooth_decline_alpha=0.50_tier=century_heavy_N=10000,0.5,0.4308238306370727,0.43994791262338095,0.07968420187574446,100,smooth_decline,century_heavy,10000,-0.06917616936292731
shape=smooth_decline_alpha=0.50_tier=century_heavy_N=2000,0.5,0.42005506436941287,0.4215658493811083,0.09471012792248905,100,smooth_decline,century_heavy,2000,-0.07994493563058713
shape=smooth_decline_alpha=0.50_tier=century_heavy_N=50000,0.5,0.45935639634627456,0.4572926505057179,0.03662409876888101,100,smooth_decline,century_heavy,50000,-0.040643603653725435
shape=smooth_decline_alpha=0.50_tier=half_century_heavy_N=10000,0.5,0.4697115587879376,0.465451761786417,0.048984873621152655,100,smooth_decline,half_century_heavy,10000,-0.030288441212062422
shape=smooth_decline_alpha=0.50_tier=half_century_heavy_N=2000,0.5,0.4943335783071363,0.4884554376337089,0.06372162887217982,100,smooth_decline,half_century_heavy,2000,-0.005666421692863688
shape=smooth_decline_alpha=0.50_tier=half_century_heavy_N=50000,0.5,0.4646730396860196,0.46588332547259215,0.02792966856782316,100,smooth_decline,half_century_heavy,50000,-0.035326960313980416
shape=smooth_decline_alpha=0.50_tier=pilot_proxy_N=10000,0.5,0.4160041674427725,0.4254828277886741,0.08242900571660552,100,smooth_decline,pilot_proxy,10000,-0.08399583255722748
shape=smooth_decline_alpha=0.50_tier=pilot_proxy_N=2000,0.5,0.3819816124981019,0.372340540035482,0.11362798501178456,100,smooth_decline,pilot_proxy,2000,-0.11801838750189808
shape=smooth_decline_alpha=0.50_tier=pilot_proxy_N=50000,0.5,0.4598041642611478,0.46703679835155115,0.03828848619289238,100,smooth_decline,pilot_proxy,50000,-0.040195835738852215
shape=smooth_decline_alpha=0.50_tier=reign_heavy_N=10000,0.5,0.47842782394221617,0.4805116185223102,0.04228924002391607,100,smooth_decline,reign_heavy,10000,-0.021572176057783832
shape=smooth_decline_alpha=0.50_tier=reign_heavy_N=2000,0.5,0.5193066833442264,0.5145702724230956,0.051929339764324546,100,smooth_decline,reign_heavy,2000,0.01930668334422636
shape=smooth_decline_alpha=0.50_tier=reign_heavy_N=50000,0.5,0.476925608486183,0.4701453522434651,0.03491490400075028,100,smooth_decline,reign_heavy,50000,-0.023074391513817016
shape=smooth_decline_alpha=0.50_tier=uniform_N=10000,0.5,0.43805711525849456,0.4433047594797723,0.0623875172836842,100,smooth_decline,uniform,10000,-0.061942884741505444
shape=smooth_decline_alpha=0.50_tier=uniform_N=2000,0.5,0.42467250568419673,0.40919633652677806,0.08925755136895004,100,smooth_decline,uniform,2000,-0.07532749431580327
shape=smooth_decline_alpha=0.50_tier=uniform_N=50000,0.5,0.46195692663043597,0.46583888016975084,0.043329970775191094,100,smooth_decline,uniform,50000,-0.03804307336956403
shape=smooth_decline_alpha=0.70_tier=century_heavy_N=10000,0.7,0.6418819844892185,0.6537642280872464,0.06211774613901471,100,smooth_decline,century_heavy,10000,-0.05811801551078144
shape=smooth_decline_alpha=0.70_tier=century_heavy_N=2000,0.7,0.5711526294197237,0.5887135975340904,0.11027193269151304,100,smooth_decline,century_heavy,2000,-0.1288473705802763
shape=smooth_decline_alpha=0.70_tier=century_heavy_N=50000,0.7,0.6724807497905856,0.6783086573585475,0.037895111919058096,100,smooth_decline,century_heavy,50000,-0.02751925020941437
shape=smooth_decline_alpha=0.70_tier=half_century_heavy_N=10000,0.7,0.6601095406151616,0.6692063152567224,0.05281066828256391,100,smooth_decline,half_century_heavy,10000,-0.03989045938483837
shape=smooth_decline_alpha=0.70_tier=half_century_heavy_N=2000,0.7,0.647545725789449,0.6397024746463587,0.06493946580321037,100,smooth_decline,half_century_heavy,2000,-0.05245427421055093
shape=smooth_decline_alpha=0.70_tier=half_century_heavy_N=50000,0.7,0.6655145518318119,0.6702553001919302,0.03621800980714439,100,smooth_decline,half_century_heavy,50000,-0.034485448168188104
shape=smooth_decline_alpha=0.70_tier=pilot_proxy_N=10000,0.7,0.6256549688990694,0.6339826323605062,0.06874031584050841,100,smooth_decline,pilot_proxy,10000,-0.0743450311009306
shape=smooth_decline_alpha=0.70_tier=pilot_proxy_N=2000,0.7,0.573524404497867,0.578677557889157,0.1278141258347503,100,smooth_decline,pilot_proxy,2000,-0.12647559550213294
shape=smooth_decline_alpha=0.70_tier=pilot_proxy_N=50000,0.7,0.6702772765369871,0.6709609001179597,0.0358139678464358,100,smooth_decline,pilot_proxy,50000,-0.029722723463012857
shape=smooth_decline_alpha=0.70_tier=reign_heavy_N=10000,0.7,0.657821171516582,0.6538719300303616,0.04743351442522624,100,smooth_decline,reign_heavy,10000,-0.04217882848341792
shape=smooth_decline_alpha=0.70_tier=reign_heavy_N=2000,0.7,0.6778679265503811,0.6752951167378263,0.0593685184998462,100,smooth_decline,reign_heavy,2000,-0.022132073449618872
shape=smooth_decline_alpha=0.70_tier=reign_heavy_N=50000,0.7,0.6736393653281527,0.673664694519521,0.034985411831936444,100,smooth_decline,reign_heavy,50000,-0.02636063467184724
shape=smooth_decline_alpha=0.70_tier=uniform_N=10000,0.7,0.6367624650930174,0.6424757906441015,0.05459143170025306,100,smooth_decline,uniform,10000,-0.06323753490698258
shape=smooth_decline_alpha=0.70_tier=uniform_N=2000,0.7,0.6079487509674957,0.6089128300057319,0.08897723773974074,100,smooth_decline,uniform,2000,-0.09205124903250428
shape=smooth_decline_alpha=0.70_tier=uniform_N=50000,0.7,0.666418004951337,0.6699894816366161,0.038481072945162294,100,smooth_decline,uniform,50000,-0.033581995048662994
shape=smooth_decline_alpha=0.95_tier=century_heavy_N=10000,0.95,0.8986480058087659,0.9098750968998943,0.04586805676302107,100,smooth_decline,century_heavy,10000,-0.05135199419123404
shape=smooth_decline_alpha=0.95_tier=century_heavy_N=2000,0.95,0.7960369985798742,0.8212845823348229,0.1086268524831635,100,smooth_decline,century_heavy,2000,-0.15396300142012576
shape=smooth_decline_alpha=0.95_tier=century_heavy_N=50000,0.95,0.9287165851112856,0.9312317156037917,0.023891853287100577,100,smooth_decline,century_heavy,50000,-0.021283414888714325
shape=smooth_decline_alpha=0.95_tier=half_century_heavy_N=10000,0.95,0.8957257821770855,0.8987504604278009,0.03845979445050616,100,smooth_decline,half_century_heavy,10000,-0.05427421782291442
shape=smooth_decline_alpha=0.95_tier=half_century_heavy_N=2000,0.95,0.8581828208517943,0.8563852470611928,0.058193733362619675,100,smooth_decline,half_century_heavy,2000,-0.09181717914820564
shape=smooth_decline_alpha=0.95_tier=half_century_heavy_N=50000,0.95,0.9250941375520503,0.9264816644496594,0.024616226081891693,100,smooth_decline,half_century_heavy,50000,-0.024905862447949678
shape=smooth_decline_alpha=0.95_tier=pilot_proxy_N=10000,0.95,0.8932899307051432,0.8986628699017452,0.044625715841523576,100,smooth_decline,pilot_proxy,10000,-0.05671006929485678
shape=smooth_decline_alpha=0.95_tier=pilot_proxy_N=2000,0.95,0.8169183729359861,0.8393010553897857,0.0865202764765332,100,smooth_decline,pilot_proxy,2000,-0.13308162706401383
shape=smooth_decline_alpha=0.95_tier=pilot_proxy_N=50000,0.95,0.9240726156588598,0.92883273295921,0.02333396037897439,100,smooth_decline,pilot_proxy,50000,-0.02592738434114017
shape=smooth_decline_alpha=0.95_tier=reign_heavy_N=10000,0.95,0.9053203279853677,0.9108951702249923,0.04031910824125872,100,smooth_decline,reign_heavy,10000,-0.0446796720146323
shape=smooth_decline_alpha=0.95_tier=reign_heavy_N=2000,0.95,0.8682637168534894,0.8681785896278078,0.042111865468123184,100,smooth_decline,reign_heavy,2000,-0.0817362831465106
shape=smooth_decline_alpha=0.95_tier=reign_heavy_N=50000,0.95,0.927348483159334,0.9321285989628461,0.023348304491070504,100,smooth_decline,reign_heavy,50000,-0.02265151684066591
shape=smooth_decline_alpha=0.95_tier=uniform_N=10000,0.95,0.9004919813232865,0.905698712466997,0.04561833287384148,100,smooth_decline,uniform,10000,-0.049508018676713506
shape=smooth_decline_alpha=0.95_tier=uniform_N=2000,0.95,0.8390104761559684,0.8603769547105447,0.07771139237076698,100,smooth_decline,uniform,2000,-0.1109895238440316
shape=smooth_decline_alpha=0.95_tier=uniform_N=50000,0.95,0.9207055449008419,0.9261404661612086,0.023611393971022153,100,smooth_decline,uniform,50000,-0.029294455099158068
shape=smooth_growth_alpha=0.05_tier=century_heavy_N=10000,0.05,0.10134605261778228,0.09444501631363927,0.031410559795612775,100,smooth_growth,century_heavy,10000,0.05134605261778227
shape=smooth_growth_alpha=0.05_tier=century_heavy_N=2000,0.05,0.1586247187745828,0.15718393531439365,0.04388448352668041,100,smooth_growth,century_heavy,2000,0.10862471877458281
shape=smooth_growth_alpha=0.05_tier=century_heavy_N=50000,0.05,0.07035510008569404,0.06811464223138484,0.02143722131412244,100,smooth_growth,century_heavy,50000,0.020355100085694036
shape=smooth_growth_alpha=0.05_tier=half_century_heavy_N=10000,0.05,0.11193892528467293,0.1062915065638733,0.02986824995284516,100,smooth_growth,half_century_heavy,10000,0.06193892528467293
shape=smooth_growth_alpha=0.05_tier=half_century_heavy_N=2000,0.05,0.17446865424628566,0.1708963505923087,0.055853284099643054,100,smooth_growth,half_century_heavy,2000,0.12446865424628566
shape=smooth_growth_alpha=0.05_tier=half_century_heavy_N=50000,0.05,0.07876524216685973,0.07605542441059818,0.018782801231961695,100,smooth_growth,half_century_heavy,50000,0.02876524216685973
shape=smooth_growth_alpha=0.05_tier=pilot_proxy_N=10000,0.05,0.09939497733829038,0.0952009654857763,0.026125817652935063,100,smooth_growth,pilot_proxy,10000,0.049394977338290375
shape=smooth_growth_alpha=0.05_tier=pilot_proxy_N=2000,0.05,0.16749836028478932,0.15666256722079172,0.05006124125198362,100,smooth_growth,pilot_proxy,2000,0.11749836028478931
shape=smooth_growth_alpha=0.05_tier=pilot_proxy_N=50000,0.05,0.06781654096885915,0.06703506333558516,0.018257758896323667,100,smooth_growth,pilot_proxy,50000,0.01781654096885915
shape=smooth_growth_alpha=0.05_tier=reign_heavy_N=10000,0.05,0.1185145850600376,0.11471174990326061,0.027405604416045653,100,smooth_growth,reign_heavy,10000,0.0685145850600376
shape=smooth_growth_alpha=0.05_tier=reign_heavy_N=2000,0.05,0.18133864718917092,0.1758756318952162,0.0518518332441113,100,smooth_growth,reign_heavy,2000,0.13133864718917093
shape=smooth_growth_alpha=0.05_tier=reign_heavy_N=50000,0.05,0.08869540194653686,0.08656331390425419,0.016750825580026378,100,smooth_growth,reign_heavy,50000,0.03869540194653685
shape=smooth_growth_alpha=0.05_tier=uniform_N=10000,0.05,0.10462509741411864,0.10243852227652916,0.028030595720439987,100,smooth_growth,uniform,10000,0.05462509741411864
shape=smooth_growth_alpha=0.05_tier=uniform_N=2000,0.05,0.1626712968370076,0.1566147720402036,0.04267544685329249,100,smooth_growth,uniform,2000,0.11267129683700759
shape=smooth_growth_alpha=0.05_tier=uniform_N=50000,0.05,0.07518092628145397,0.07241867707495625,0.01783076442168186,100,smooth_growth,uniform,50000,0.025180926281453964
shape=smooth_growth_alpha=0.30_tier=century_heavy_N=10000,0.3,0.2572463289708249,0.2600798876323982,0.05998111277801529,100,smooth_growth,century_heavy,10000,-0.0427536710291751
shape=smooth_growth_alpha=0.30_tier=century_heavy_N=2000,0.3,0.29197170473344836,0.2812434410302339,0.08521536467946193,100,smooth_growth,century_heavy,2000,-0.008028295266551633
shape=smooth_growth_alpha=0.30_tier=century_heavy_N=50000,0.3,0.2884885925224055,0.28521231404144276,0.03927206404995374,100,smooth_growth,century_heavy,50000,-0.011511407477594493
shape=smooth_growth_alpha=0.30_tier=half_century_heavy_N=10000,0.3,0.3102789983487376,0.3118205180627819,0.046066825836941334,100,smooth_growth,half_century_heavy,10000,0.010278998348737634
shape=smooth_growth_alpha=0.30_tier=half_century_heavy_N=2000,0.3,0.34505210127827396,0.33779185716814364,0.07162879919485282,100,smooth_growth,half_century_heavy,2000,0.04505210127827397
shape=smooth_growth_alpha=0.30_tier=half_century_heavy_N=50000,0.3,0.30517450632741566,0.3041725399645876,0.03388616054291491,100,smooth_growth,half_century_heavy,50000,0.005174506327415673
shape=smooth_growth_alpha=0.30_tier=pilot_proxy_N=10000,0.3,0.25494771304403013,0.25707780035969335,0.07354574667560132,100,smooth_growth,pilot_proxy,10000,-0.045052286955969856
shape=smooth_growth_alpha=0.30_tier=pilot_proxy_N=2000,0.3,0.2674866905877147,0.26158293641952673,0.07115490674823141,100,smooth_growth,pilot_proxy,2000,-0.03251330941228531
shape=smooth_growth_alpha=0.30_tier=pilot_proxy_N=50000,0.3,0.2838226334378077,0.283039934680207,0.04165829969359116,100,smooth_growth,pilot_proxy,50000,-0.016177366562192264
shape=smooth_growth_alpha=0.30_tier=reign_heavy_N=10000,0.3,0.32649945892032606,0.32280521411887825,0.03263461875018626,100,smooth_growth,reign_heavy,10000,0.02649945892032607
shape=smooth_growth_alpha=0.30_tier=reign_heavy_N=2000,0.3,0.37599519114846,0.36964278985404975,0.05181679668820263,100,smooth_growth,reign_heavy,2000,0.07599519114845998
shape=smooth_growth_alpha=0.30_tier=reign_heavy_N=50000,0.3,0.3010163410509771,0.2955114286558602,0.027522386008354275,100,smooth_growth,reign_heavy,50000,0.0010163410509770876
shape=smooth_growth_alpha=0.30_tier=uniform_N=10000,0.3,0.2817027832741878,0.27494193908276465,0.05471214956358405,100,smooth_growth,uniform,10000,-0.018297216725812193
shape=smooth_growth_alpha=0.30_tier=uniform_N=2000,0.3,0.29394085022412303,0.28079818607970897,0.07392701565171668,100,smooth_growth,uniform,2000,-0.00605914977587696
shape=smooth_growth_alpha=0.30_tier=uniform_N=50000,0.3,0.2814974865486718,0.2844977433181285,0.03576955579606896,100,smooth_growth,uniform,50000,-0.018502513451328195
shape=smooth_growth_alpha=0.50_tier=century_heavy_N=10000,0.5,0.4450335255973654,0.4452191894951926,0.07478533197471818,100,smooth_growth,century_heavy,10000,-0.05496647440263458
shape=smooth_growth_alpha=0.50_tier=century_heavy_N=2000,0.5,0.4401089260908819,0.4470560359158611,0.09503314794084712,100,smooth_growth,century_heavy,2000,-0.059891073909118075
shape=smooth_growth_alpha=0.50_tier=century_heavy_N=50000,0.5,0.482397583424952,0.4819404299185155,0.04246592984587041,100,smooth_growth,century_heavy,50000,-0.01760241657504802
shape=smooth_growth_alpha=0.50_tier=half_century_heavy_N=10000,0.5,0.48942372462352596,0.48307258707120015,0.04929843084827287,100,smooth_growth,half_century_heavy,10000,-0.010576275376474042
shape=smooth_growth_alpha=0.50_tier=half_century_heavy_N=2000,0.5,0.49007826174896957,0.4832517819903767,0.07285598094820504,100,smooth_growth,half_century_heavy,2000,-0.009921738251030432
shape=smooth_growth_alpha=0.50_tier=half_century_heavy_N=50000,0.5,0.4868324718126839,0.4930682047820401,0.03970503684624292,100,smooth_growth,half_century_heavy,50000,-0.013167528187316091
shape=smooth_growth_alpha=0.50_tier=pilot_proxy_N=10000,0.5,0.4512248879307053,0.4588026398633206,0.07556353305321042,100,smooth_growth,pilot_proxy,10000,-0.04877511206929469
shape=smooth_growth_alpha=0.50_tier=pilot_proxy_N=2000,0.5,0.4332832926974163,0.45962319669547225,0.12060941047455524,100,smooth_growth,pilot_proxy,2000,-0.06671670730258372
shape=smooth_growth_alpha=0.50_tier=pilot_proxy_N=50000,0.5,0.47734057955883985,0.47785602423732876,0.03971183593489204,100,smooth_growth,pilot_proxy,50000,-0.02265942044116015
shape=smooth_growth_alpha=0.50_tier=reign_heavy_N=10000,0.5,0.4864923870907164,0.48139546486242246,0.042447594732304465,100,smooth_growth,reign_heavy,10000,-0.013507612909283595
shape=smooth_growth_alpha=0.50_tier=reign_heavy_N=2000,0.5,0.5333690941621002,0.5335904938753016,0.050772294273442375,100,smooth_growth,reign_heavy,2000,0.03336909416210021
shape=smooth_growth_alpha=0.50_tier=reign_heavy_N=50000,0.5,0.4888888784532424,0.48857657913974095,0.03146880270807241,100,smooth_growth,reign_heavy,50000,-0.011111121546757585
shape=smooth_growth_alpha=0.50_tier=uniform_N=10000,0.5,0.4653555475194346,0.4672405297016987,0.06030513983697824,100,smooth_growth,uniform,10000,-0.03464445248056541
shape=smooth_growth_alpha=0.50_tier=uniform_N=2000,0.5,0.4500596036883154,0.44003538356199334,0.09152610463369601,100,smooth_growth,uniform,2000,-0.04994039631168462
shape=smooth_growth_alpha=0.50_tier=uniform_N=50000,0.5,0.4833658358448307,0.4816922701714219,0.03852350001518625,100,smooth_growth,uniform,50000,-0.016634164155169273
shape=smooth_growth_alpha=0.70_tier=century_heavy_N=10000,0.7,0.6499336426232836,0.6549334017584272,0.0680763893788727,100,smooth_growth,century_heavy,10000,-0.050066357376716386
shape=smooth_growth_alpha=0.70_tier=century_heavy_N=2000,0.7,0.6027203393144778,0.602760465803991,0.11678159424572866,100,smooth_growth,century_heavy,2000,-0.09727966068552218
shape=smooth_growth_alpha=0.70_tier=century_heavy_N=50000,0.7,0.6832298410842654,0.6884184599804595,0.03962422242359633,100,smooth_growth,century_heavy,50000,-0.016770158915734523
shape=smooth_growth_alpha=0.70_tier=half_century_heavy_N=10000,0.7,0.6687569743247781,0.6632078360219231,0.052020981631464215,100,smooth_growth,half_century_heavy,10000,-0.031243025675221858
shape=smooth_growth_alpha=0.70_tier=half_century_heavy_N=2000,0.7,0.6379511077268163,0.6342393909233706,0.07153227300639164,100,smooth_growth,half_century_heavy,2000,-0.062048892273183665
shape=smooth_growth_alpha=0.70_tier=half_century_heavy_N=50000,0.7,0.6847548445695673,0.6840984764910883,0.03358423184659036,100,smooth_growth,half_century_heavy,50000,-0.0152451554304327
shape=smooth_growth_alpha=0.70_tier=pilot_proxy_N=10000,0.7,0.6660643557891534,0.6694641264058168,0.06600011772614095,100,smooth_growth,pilot_proxy,10000,-0.033935644210846605
shape=smooth_growth_alpha=0.70_tier=pilot_proxy_N=2000,0.7,0.6122020585516623,0.6208684061891626,0.1201077876399195,100,smooth_growth,pilot_proxy,2000,-0.08779794144833764
shape=smooth_growth_alpha=0.70_tier=pilot_proxy_N=50000,0.7,0.6789850863725374,0.6823640561494114,0.03568198094090965,100,smooth_growth,pilot_proxy,50000,-0.02101491362746255
shape=smooth_growth_alpha=0.70_tier=reign_heavy_N=10000,0.7,0.6650976228090034,0.6635383586165544,0.051441340037386686,100,smooth_growth,reign_heavy,10000,-0.034902377190996536
shape=smooth_growth_alpha=0.70_tier=reign_heavy_N=2000,0.7,0.6934459985864312,0.6930162379624263,0.05858331147350928,100,smooth_growth,reign_heavy,2000,-0.006554001413568766
shape=smooth_growth_alpha=0.70_tier=reign_heavy_N=50000,0.7,0.6836625691882624,0.6871974189069447,0.03576037611724203,100,smooth_growth,reign_heavy,50000,-0.016337430811737552
shape=smooth_growth_alpha=0.70_tier=uniform_N=10000,0.7,0.6641147331615201,0.6652031118454933,0.05830111849074999,100,smooth_growth,uniform,10000,-0.03588526683847981
shape=smooth_growth_alpha=0.70_tier=uniform_N=2000,0.7,0.6116287780920387,0.6137825415417926,0.08498485170423542,100,smooth_growth,uniform,2000,-0.0883712219079612
shape=smooth_growth_alpha=0.70_tier=uniform_N=50000,0.7,0.6853065635064799,0.6849571756843456,0.03196719369958012,100,smooth_growth,uniform,50000,-0.014693436493520062
shape=smooth_growth_alpha=0.95_tier=century_heavy_N=10000,0.95,0.9135994409266089,0.9211260375931176,0.039881546115152315,100,smooth_growth,century_heavy,10000,-0.036400559073391014
shape=smooth_growth_alpha=0.95_tier=century_heavy_N=2000,0.95,0.8155057865539106,0.8472817399636285,0.10506797599528352,100,smooth_growth,century_heavy,2000,-0.13449421344608936
shape=smooth_growth_alpha=0.95_tier=century_heavy_N=50000,0.95,0.9311189369837163,0.9358416841755173,0.025078733321055754,100,smooth_growth,century_heavy,50000,-0.018881063016283672
shape=smooth_growth_alpha=0.95_tier=half_century_heavy_N=10000,0.95,0.8932362434412905,0.9013189490315214,0.0484054021062108,100,smooth_growth,half_century_heavy,10000,-0.056763756558709466
shape=smooth_growth_alpha=0.95_tier=half_century_heavy_N=2000,0.95,0.8657175304725141,0.8789583916566813,0.05724805931818241,100,smooth_growth,half_century_heavy,2000,-0.08428246952748586
shape=smooth_growth_alpha=0.95_tier=half_century_heavy_N=50000,0.95,0.9308498335800587,0.9326883347633286,0.01910362928011113,100,smooth_growth,half_century_heavy,50000,-0.019150166419941272
shape=smooth_growth_alpha=0.95_tier=pilot_proxy_N=10000,0.95,0.9053688090210038,0.9131656860696827,0.04451565996751073,100,smooth_growth,pilot_proxy,10000,-0.04463119097899615
shape=smooth_growth_alpha=0.95_tier=pilot_proxy_N=2000,0.95,0.8067856468481451,0.8282704466585993,0.10414582391610358,100,smooth_growth,pilot_proxy,2000,-0.14321435315185482
shape=smooth_growth_alpha=0.95_tier=pilot_proxy_N=50000,0.95,0.9346057608744504,0.9352867539976721,0.018795373041546513,100,smooth_growth,pilot_proxy,50000,-0.015394239125549602
shape=smooth_growth_alpha=0.95_tier=reign_heavy_N=10000,0.95,0.9073890751429364,0.9167071161083107,0.0367847208368882,100,smooth_growth,reign_heavy,10000,-0.042610924857063526
shape=smooth_growth_alpha=0.95_tier=reign_heavy_N=2000,0.95,0.8784729512485836,0.8856173401062206,0.04603065396899309,100,smooth_growth,reign_heavy,2000,-0.07152704875141636
shape=smooth_growth_alpha=0.95_tier=reign_heavy_N=50000,0.95,0.9305552251238018,0.9329786159933924,0.021064625102323188,100,smooth_growth,reign_heavy,50000,-0.019444774876198112
shape=smooth_growth_alpha=0.95_tier=uniform_N=10000,0.95,0.9071006835115525,0.9141435180803882,0.040969562563910086,100,smooth_growth,uniform,10000,-0.04289931648844747
shape=smooth_growth_alpha=0.95_tier=uniform_N=2000,0.95,0.8352302093362839,0.8528375206990442,0.07766694749496598,100,smooth_growth,uniform,2000,-0.11476979066371606
shape=smooth_growth_alpha=0.95_tier=uniform_N=50000,0.95,0.9304748556367592,0.9328224241963124,0.02189744712371065,100,smooth_growth,uniform,50000,-0.01952514436324071
