unit,null,n_eff,identifiable,holm_group,pval_global,pval_holm,detected_raw,n_bins_outside,antonine_out,antonine_dir,antonine_bracket,crisis_out,crisis_dir,crisis_bracket
empire-aggregate,exponential,151361,True,identifiable,0.0,0.0,True,79,True,deficit,≥ 20% (deficit),True,deficit,≥ 50% (deficit)
empire-aggregate,cpl3,151361,True,identifiable,0.0,0.0,True,72,True,deficit,≥ 20% (deficit),True,mixed,≥ 20% (deficit)
latin-aggregate,exponential,101066,True,identifiable,0.0,0.0,True,75,True,deficit,≥ 50% (deficit),True,mixed,≥ 50% (deficit)
latin-aggregate,cpl3,101066,True,identifiable,0.0,0.0,True,73,True,deficit,≥ 50% (deficit),True,mixed,≥ 50% (surplus)
Latium et Campania / Regio I,exponential,17037,True,identifiable,0.0,0.0,True,79,True,deficit,≥ 50% (deficit),True,deficit,≥ 50% (deficit)
Latium et Campania / Regio I,cpl3,17037,True,identifiable,0.0,0.0,True,64,False,none,< 20% (surplus; sub-bracket),True,deficit,≥ 50% (deficit)
Dalmatia,exponential,6325,True,identifiable,0.0,0.0,True,67,True,deficit,≥ 20% (deficit),True,surplus,≥ doubling (surplus)
Dalmatia,cpl3,6325,True,identifiable,0.0,0.0,True,29,False,none,< 20% (surplus; sub-bracket),True,surplus,≥ 50% (surplus)
Hispania citerior,exponential,6011,True,identifiable,0.0,0.0,True,77,True,deficit,≥ 50% (deficit),True,deficit,≥ 50% (deficit)
Hispania citerior,cpl3,6011,True,identifiable,0.0,0.0,True,17,False,none,≥ 20% (deficit),False,none,≥ 50% (surplus)
Germania superior,exponential,5570,True,identifiable,0.0,0.0,True,74,False,none,≥ 20% (deficit),True,mixed,≥ 50% (deficit)
Germania superior,cpl3,5570,True,identifiable,0.0,0.0,True,60,True,surplus,≥ 20% (surplus),True,mixed,≥ doubling (surplus)
Venetia et Histria / Regio X,exponential,5560,False,flagged,0.0,0.0,True,66,True,deficit,≥ 50% (deficit),True,deficit,≥ 50% (deficit)
Venetia et Histria / Regio X,cpl3,5560,False,flagged,0.0,0.0,True,27,False,none,≥ 20% (surplus),True,deficit,≥ 50% (deficit)
Dacia,exponential,4717,True,identifiable,0.0,0.0,True,75,True,surplus,≥ doubling (surplus),True,mixed,≥ 50% (deficit)
Dacia,cpl3,4717,True,identifiable,0.0,0.0,True,28,True,deficit,< 20% (deficit; sub-bracket),True,mixed,≥ doubling (surplus)
Britannia,exponential,4407,False,flagged,0.0,0.0,True,63,True,surplus,≥ 20% (surplus),True,surplus,≥ 20% (surplus)
Britannia,cpl3,4407,False,flagged,0.0,0.0,True,39,True,deficit,≥ 20% (deficit),True,surplus,≥ 50% (surplus)
Pannonia superior,exponential,4174,True,identifiable,0.0,0.0,True,71,False,none,≥ 20% (surplus),True,mixed,≥ 50% (surplus)
Pannonia superior,cpl3,4174,True,identifiable,0.0,0.0,True,18,True,deficit,≥ 20% (deficit),False,none,< 20% (deficit; sub-bracket)
Samnium / Regio IV,exponential,3952,False,flagged,0.0,0.0,True,60,True,surplus,≥ 20% (surplus),True,deficit,≥ 50% (deficit)
Samnium / Regio IV,cpl3,3952,False,flagged,1.0,1.0,False,0,False,none,< 20% (surplus; sub-bracket),False,none,≥ 20% (surplus)
Africa proconsularis,exponential,2967,True,identifiable,0.0,0.0,True,57,True,surplus,≥ 50% (surplus),True,mixed,≥ doubling (surplus)
Africa proconsularis,cpl3,2967,True,identifiable,0.0,0.0,True,17,True,deficit,≥ 20% (deficit),True,mixed,≥ 50% (surplus)
Germania inferior,exponential,3261,False,flagged,0.0,0.0,True,74,True,surplus,≥ doubling (surplus),True,mixed,≥ 50% (deficit)
Germania inferior,cpl3,3261,False,flagged,0.0,0.0,True,16,False,none,< 20% (deficit; sub-bracket),True,surplus,≥ 20% (surplus)
Apulia et Calabria / Regio II,exponential,3013,True,identifiable,0.0,0.0,True,69,True,deficit,≥ 50% (deficit),True,deficit,≥ 50% (deficit)
Apulia et Calabria / Regio II,cpl3,3013,True,identifiable,0.515,1.0,False,3,False,none,< 20% (deficit; sub-bracket),False,none,< 20% (surplus; sub-bracket)
Pannonia inferior,exponential,2812,False,flagged,0.0,0.0,True,72,True,surplus,≥ doubling (surplus),True,mixed,≥ 50% (surplus)
Pannonia inferior,cpl3,2812,False,flagged,1.0,1.0,False,0,False,none,< 20% (deficit; sub-bracket),False,none,≥ 20% (deficit)
Numidia,exponential,2726,False,flagged,0.0,0.0,True,80,True,surplus,≥ doubling (surplus),True,deficit,≥ 50% (deficit)
Numidia,cpl3,2726,False,flagged,0.0,0.0,True,27,True,deficit,≥ 20% (deficit),True,deficit,≥ 20% (deficit)
Etruria / Regio VII,exponential,2426,True,identifiable,0.0,0.0,True,53,True,deficit,≥ 50% (deficit),True,deficit,≥ 50% (deficit)
Etruria / Regio VII,cpl3,2426,True,identifiable,0.011,0.044,True,8,False,none,< 20% (deficit; sub-bracket),False,none,≥ 20% (deficit)
Umbria / Regio VI,exponential,2572,False,flagged,0.0,0.0,True,42,False,none,≥ 20% (deficit),True,deficit,≥ 50% (deficit)
Umbria / Regio VI,cpl3,2572,False,flagged,0.286,1.0,False,4,False,none,< 20% (deficit; sub-bracket),False,none,≥ 20% (surplus)
Noricum,exponential,2600,True,identifiable,0.0,0.0,True,75,True,surplus,≥ 50% (surplus),True,deficit,≥ 50% (deficit)
Noricum,cpl3,2600,True,identifiable,0.0,0.0,True,32,True,deficit,≥ 20% (deficit),True,deficit,≥ 50% (deficit)
Baetica,exponential,2449,True,identifiable,0.0,0.0,True,61,True,surplus,≥ doubling (surplus),True,deficit,≥ 50% (deficit)
Baetica,cpl3,2449,True,identifiable,0.03,0.09,True,7,False,none,≥ 20% (surplus),False,none,≥ 20% (deficit)
Transpadana / Regio XI,exponential,2200,True,identifiable,0.0,0.0,True,56,True,deficit,≥ 20% (deficit),True,deficit,≥ 50% (deficit)
Transpadana / Regio XI,cpl3,2200,True,identifiable,0.566,1.0,False,3,False,none,< 20% (surplus; sub-bracket),False,none,≥ 50% (deficit)
Pompeii,exponential,4247,True,identifiable,0.0,0.0,True,78,True,deficit,≥ 50% (deficit),True,deficit,≥ 50% (deficit)
Pompeii,cpl3,4247,True,identifiable,0.0,0.0,True,26,False,none,≥ 50% (deficit),False,none,≥ 50% (deficit)
Salona,exponential,2890,False,flagged,0.0,0.0,True,68,True,surplus,≥ 50% (surplus),True,surplus,≥ doubling (surplus)
Salona,cpl3,2890,False,flagged,0.0,0.0,True,11,True,surplus,≥ 20% (surplus),True,surplus,≥ 20% (surplus)
Ostia,exponential,2316,False,flagged,0.0,0.0,True,72,True,surplus,≥ doubling (surplus),True,deficit,≥ 50% (deficit)
Ostia,cpl3,2316,False,flagged,0.379,1.0,False,4,False,none,< 20% (surplus; sub-bracket),False,none,≥ 20% (deficit)
Mogontiacum,exponential,2325,True,identifiable,0.0,0.0,True,72,True,deficit,≥ 50% (deficit),True,deficit,≥ 50% (deficit)
Mogontiacum,cpl3,2325,True,identifiable,0.0,0.0,True,27,False,none,≥ 20% (deficit),False,none,≥ 50% (deficit)
Aquileia,exponential,1885,False,flagged,0.0,0.0,True,53,True,deficit,≥ 50% (deficit),True,deficit,≥ 50% (deficit)
Aquileia,cpl3,1885,False,flagged,0.801,1.0,False,2,False,none,< 20% (deficit; sub-bracket),False,none,< 20% (deficit; sub-bracket)
Moesia inferior,exponential,1728,False,flagged,0.0,0.0,True,66,True,surplus,≥ doubling (surplus),True,surplus,≥ 50% (surplus)
Moesia inferior,cpl3,1728,False,flagged,0.7,1.0,False,2,False,none,< 20% (surplus; sub-bracket),False,none,≥ 20% (deficit)
Lusitania,exponential,1578,False,flagged,0.0,0.0,True,65,True,surplus,≥ 50% (surplus),True,deficit,≥ 50% (deficit)
Lusitania,cpl3,1578,False,flagged,0.002,0.014,True,9,False,none,< 20% (surplus; sub-bracket),False,none,≥ 20% (deficit)
Italia (excl. Rome),exponential,40499,True,identifiable,0.0,0.0,True,73,True,deficit,≥ 50% (deficit),True,deficit,≥ 50% (deficit)
Italia (excl. Rome),cpl3,40499,True,identifiable,0.0,0.0,True,54,False,none,< 20% (surplus; sub-bracket),True,deficit,≥ 50% (deficit)
