Primary Key,Civic Status,Notes
Hanson2016_1,Rights and privileges,libera
Hanson2016_4,Rights and privileges,libera
Hanson2016_8,Rights and privileges,libera et immunis
Hanson2016_14,Rights and privileges,foederata
Hanson2016_16,Colonia,
Hanson2016_16,Colonia,
Hanson2016_16,Rights and privileges,ius Romanum
Hanson2016_16,Rights and privileges,ius Romanum
Hanson2016_25,Rights and privileges,libera
Hanson2016_26,Colonia,
Hanson2016_26,Colonia,
Hanson2016_26,Colonia?,
Hanson2016_26,Provincial capital,
Hanson2016_26,Rights and privileges,libera et immunis
Hanson2016_26,Rights and privileges,ius Romanum
Hanson2016_26,Rights and privileges,ius Romanum?
Hanson2016_28,Rights and privileges,libera et immunis?
Hanson2016_29,Rights and privileges,libera et immunis
Hanson2016_32,Colonia,
Hanson2016_32,Colonia,
Hanson2016_32,Rights and privileges,ius Romanum
Hanson2016_32,Rights and privileges,ius Romanum
Hanson2016_33,Rights and privileges,libera et immunis
Hanson2016_35,Rights and privileges,immunis
Hanson2016_36,Rights and privileges,foederata
Hanson2016_57,Colonia,
Hanson2016_60,Rights and privileges,libera
Hanson2016_65,Colonia,
Hanson2016_65,Provincial capital,
Hanson2016_65,Rights and privileges,foederata
Hanson2016_65,Rights and privileges,libera
Hanson2016_73,Rights and privileges,libera et immunis
Hanson2016_76,Colonia,
Hanson2016_76,Colonia,
Hanson2016_76,Metropolis capital?,
Hanson2016_76,Rights and privileges,ius Romanum
Hanson2016_76,Rights and privileges,ius Romanum
Hanson2016_76,Rights and privileges,libera et immunis
Hanson2016_81,Rights and privileges,libera
Hanson2016_88,Rights and privileges,libera
Hanson2016_91,Rights and privileges,libera
Hanson2016_93,Rights and privileges,libera et immunis
Hanson2016_96,Rights and privileges,libera
Hanson2016_103,Rights and privileges,libera
Hanson2016_106,Rights and privileges,foederata
Hanson2016_108,Rights and privileges,foederata
Hanson2016_109,Rights and privileges,libera
Hanson2016_110,Metropolis capital,
Hanson2016_110,Provincial capital,
Hanson2016_111,Metropolis (nome) capital,
Hanson2016_112,Metropolis (nome) capital,
Hanson2016_112,Rights and privileges,libera
Hanson2016_113,Metropolis (nome) capital,
Hanson2016_114,Metropolis (nome) capital,
Hanson2016_115,Metropolis (nome) capital,
Hanson2016_116,Metropolis (nome) capital,
Hanson2016_117,Metropolis (nome) capital,
Hanson2016_118,Metropolis (nome) capital,
Hanson2016_119,Metropolis (nome) capital,
Hanson2016_120,Metropolis (nome) capital,
Hanson2016_121,Metropolis (nome) capital,
Hanson2016_122,Metropolis (nome) capital,
Hanson2016_123,Metropolis (nome) capital,
Hanson2016_124,Metropolis (nome) capital,
Hanson2016_125,Metropolis (nome) capital,
Hanson2016_126,Metropolis (nome) capital,
Hanson2016_127,Metropolis (nome) capital,
Hanson2016_128,Metropolis (nome) capital,
Hanson2016_129,Metropolis (nome) capital,
Hanson2016_130,Metropolis (nome) capital,
Hanson2016_131,Metropolis (nome) capital,
Hanson2016_132,Metropolis (nome) capital,
Hanson2016_133,Metropolis (nome) capital,
Hanson2016_134,Metropolis (nome) capital,
Hanson2016_135,Metropolis (nome) capital,
Hanson2016_136,Metropolis (nome) capital,
Hanson2016_137,Metropolis (nome) capital,
Hanson2016_138,Metropolis (nome) capital?,
Hanson2016_139,Metropolis (nome) capital,
Hanson2016_140,Metropolis (nome) capital,
Hanson2016_141,Metropolis (nome) capital,
Hanson2016_142,Metropolis (nome) capital,
Hanson2016_143,Metropolis (nome) capital,
Hanson2016_144,Metropolis (nome) capital,
Hanson2016_145,Metropolis (nome) capital,
Hanson2016_146,Metropolis (nome) capital?,
Hanson2016_147,Metropolis (nome) capital,
Hanson2016_148,Metropolis (nome) capital,
Hanson2016_149,Metropolis (nome) capital,
Hanson2016_150,Metropolis (nome) capital,
Hanson2016_151,Metropolis (nome) capital,
Hanson2016_153,Metropolis (nome) capital,
Hanson2016_154,Metropolis (nome) capital,
Hanson2016_155,Metropolis (nome) capital,
Hanson2016_156,Metropolis (nome) capital,
Hanson2016_157,Municipium,
Hanson2016_158,Municipium,
Hanson2016_159,Municipium,
Hanson2016_159,Rights and privileges,ius Latii?
Hanson2016_159,Rights and privileges,libera
Hanson2016_160,Municipium,
Hanson2016_160,Rights and privileges,libera
Hanson2016_160,Rights and privileges,libera et immunis
Hanson2016_161,Municipium,
Hanson2016_161,Rights and privileges,ius Latii?
Hanson2016_162,Colonia,
Hanson2016_162,Municipium,
Hanson2016_162,Rights and privileges,ius Romanum
Hanson2016_163,Municipium,
Hanson2016_164,Municipium,
Hanson2016_165,Municipium,
Hanson2016_166,Municipium,
Hanson2016_166,Rights and privileges,libera
Hanson2016_169,Colonia,
Hanson2016_169,Municipium,
Hanson2016_170,Colonia,
Hanson2016_170,Municipium,
Hanson2016_170,Rights and privileges,ius Latii?
Hanson2016_171,Colonia,
Hanson2016_171,Rights and privileges,ius Romanum
Hanson2016_172,Colonia,
Hanson2016_172,Colonia,
Hanson2016_172,Colonia,
Hanson2016_172,Provincial capital,
Hanson2016_172,Rights and privileges,ius Romanum
Hanson2016_172,Rights and privileges,ius Romanum
Hanson2016_173,Municipium,
Hanson2016_174,Colonia,
Hanson2016_174,Municipium,
Hanson2016_175,Colonia,
Hanson2016_175,Rights and privileges,libera
Hanson2016_175,Rights and privileges,ius Romanum?
Hanson2016_176,Colonia,
Hanson2016_176,Rights and privileges,ius Romanum
Hanson2016_176,Rights and privileges,libera
Hanson2016_177,Municipium,
Hanson2016_177,Rights and privileges,ius Latii
Hanson2016_178,Colonia,
Hanson2016_178,Colonia,
Hanson2016_178,Conventus capital,
Hanson2016_178,Rights and privileges,immunis
Hanson2016_178,Rights and privileges,ius Romanum
Hanson2016_178,Rights and privileges,libera
Hanson2016_179,Colonia,
Hanson2016_179,Colonia,
Hanson2016_179,Rights and privileges,libera
Hanson2016_179,Rights and privileges,ius Romanum
Hanson2016_179,Rights and privileges,ius Romanum
Hanson2016_180,Colonia,
Hanson2016_180,Colonia,
Hanson2016_180,Municipium,
Hanson2016_180,Rights and privileges,libera et immunis
Hanson2016_181,Colonia,
Hanson2016_181,Rights and privileges,libera
Hanson2016_181,Rights and privileges,libera et immunis
Hanson2016_182,Municipium,
Hanson2016_182,Rights and privileges,ius Latii?
Hanson2016_183,Municipium,
Hanson2016_183,Rights and privileges,libera
Hanson2016_184,Colonia,
Hanson2016_184,Rights and privileges,ius Romanum?
Hanson2016_186,Colonia,
Hanson2016_186,Rights and privileges,ius Romanum
Hanson2016_188,Colonia?,
Hanson2016_188,Rights and privileges,
Hanson2016_189,Colonia,
Hanson2016_189,Colonia,
Hanson2016_189,Rights and privileges,ius Romanum
Hanson2016_189,Rights and privileges,ius Romanum
Hanson2016_189,Rights and privileges,libera
Hanson2016_190,Municipium,
Hanson2016_191,Colonia,
Hanson2016_193,Colonia,
Hanson2016_194,Colonia,
Hanson2016_194,Rights and privileges,libera
Hanson2016_195,Municipium,
Hanson2016_197,Colonia,
Hanson2016_198,Colonia,
Hanson2016_198,Municipium,
Hanson2016_199,Colonia,
Hanson2016_199,Rights and privileges,libera
Hanson2016_200,Colonia,
Hanson2016_200,Rights and privileges,ius Latii?
Hanson2016_200,Rights and privileges,libera
Hanson2016_201,Colonia,
Hanson2016_201,Colonia?,
Hanson2016_201,Rights and privileges,libera et immunis
Hanson2016_201,Rights and privileges,ius Romanum
Hanson2016_202,Colonia,
Hanson2016_202,Municipium,
Hanson2016_203,Colonia,
Hanson2016_203,Municipium,
Hanson2016_204,Colonia,
Hanson2016_204,Rights and privileges,libera
Hanson2016_206,Municipium,
Hanson2016_206,Rights and privileges,libera
Hanson2016_207,Colonia,
Hanson2016_207,Colonia,
Hanson2016_207,Municipium,
Hanson2016_207,Municipium,
Hanson2016_207,Rights and privileges,ius Romanum
Hanson2016_207,Rights and privileges,ius Latii
Hanson2016_208,Colonia,
Hanson2016_208,Rights and privileges,ius Romanum
Hanson2016_209,Colonia,
Hanson2016_209,Municipium,
Hanson2016_210,Colonia,
Hanson2016_210,Municipium,
Hanson2016_211,Colonia,
Hanson2016_211,Municipium,
Hanson2016_211,Rights and privileges,ius Latii?
Hanson2016_211,Rights and privileges,libera
Hanson2016_211,Rights and privileges,ius Romanum?
Hanson2016_212,Rights and privileges,libera
Hanson2016_213,Municipium,
Hanson2016_214,Colonia,
Hanson2016_214,Rights and privileges,libera
Hanson2016_216,Colonia,
Hanson2016_216,Colonia,
Hanson2016_216,Municipium,
Hanson2016_216,Rights and privileges,ius Romanum
Hanson2016_216,Rights and privileges,ius Romanum
Hanson2016_217,Colonia,
Hanson2016_217,Colonia,
Hanson2016_217,Colonia,
Hanson2016_217,Colonia,
Hanson2016_217,Municipium,
Hanson2016_217,Provincial capital,
Hanson2016_217,Rights and privileges,libera
Hanson2016_217,Rights and privileges,ius Romanum?
Hanson2016_217,Rights and privileges,ius Romanum?
Hanson2016_217,Rights and privileges,ius Italicum
Hanson2016_217,Rights and privileges,libera
Hanson2016_217,Rights and privileges,ius Latii
Hanson2016_218,Colonia,
Hanson2016_218,Rights and privileges,libera
Hanson2016_218,Rights and privileges,libera
Hanson2016_219,Colonia,
Hanson2016_219,Municipium,
Hanson2016_219,Rights and privileges,libera
Hanson2016_219,Rights and privileges,ius Latii?
Hanson2016_220,Colonia,
Hanson2016_220,Municipium,
Hanson2016_221,Colonia,
Hanson2016_221,Rights and privileges,libera
Hanson2016_222,Municipium,
Hanson2016_223,Civitas capital,
Hanson2016_223,Colonia,
Hanson2016_224,Municipium,
Hanson2016_224,Provincial capital,
Hanson2016_225,Civitas capital,
Hanson2016_225,Colonia,
Hanson2016_225,Provincial capital,
Hanson2016_225,Rights and privileges,Peregrine
Hanson2016_226,Civitas capital,
Hanson2016_226,Provincial capital,
Hanson2016_226,Rights and privileges,ius Latii
Hanson2016_227,Provincial capital,
Hanson2016_227,Rights and privileges,ius Romanum
Hanson2016_227,Rights and privileges,ius Latii
Hanson2016_228,Municipium,
Hanson2016_229,City of the Syrian Decapolis,
Hanson2016_229,Metropolis capital,
Hanson2016_229,Rights and privileges,libera
Hanson2016_231,Colonia,
Hanson2016_231,Colonia?,
Hanson2016_231,Metropolis capital,
Hanson2016_231,Provincial capital,
Hanson2016_232,City of the Syrian Decapolis,
Hanson2016_233,City of the Syrian Decapolis,
Hanson2016_233,Rights and privileges,libera
Hanson2016_236,City of the Syrian Decapolis,
Hanson2016_236,Colonia,
Hanson2016_237,City of the Syrian Decapolis,
Hanson2016_237,Colonia,
Hanson2016_238,City of the Syrian Decapolis,
Hanson2016_240,Metropolis capital,
Hanson2016_240,Provincial capital,
Hanson2016_241,Colonia,
Hanson2016_243,Rights and privileges,libera
Hanson2016_245,Conventus capital,
Hanson2016_245,Metropolis capital,
Hanson2016_246,Rights and privileges,libera
Hanson2016_248,Conventus capital,
Hanson2016_248,Metropolis capital,
Hanson2016_248,Rights and privileges,libera
Hanson2016_248,Rights and privileges,immunis
Hanson2016_249,Colonia,
Hanson2016_249,Rights and privileges,libera
Hanson2016_249,Rights and privileges,ius Romanum
Hanson2016_249,Rights and privileges,ius Italicum
Hanson2016_252,Rights and privileges,libera
Hanson2016_254,Colonia?,
Hanson2016_254,Metropolis capital,
Hanson2016_254,Rights and privileges,foederata
Hanson2016_256,Rights and privileges,stipendiaria
Hanson2016_258,Rights and privileges,foederata
Hanson2016_258,Rights and privileges,libera
Hanson2016_259,Rights and privileges,libera
Hanson2016_262,Rights and privileges,libera
Hanson2016_262,Rights and privileges,libera
Hanson2016_264,Conventus capital,
Hanson2016_264,Metropolis capital,
Hanson2016_267,Rights and privileges,foederata
Hanson2016_270,Rights and privileges,libera
Hanson2016_270,Rights and privileges,immunis
Hanson2016_273,Colonia,
Hanson2016_273,Metropolis capital,
Hanson2016_273,Rights and privileges,libera
Hanson2016_274,Rights and privileges,libera
Hanson2016_276,Conventus capital,
Hanson2016_276,Metropolis capital,
Hanson2016_276,Provincial capital,
Hanson2016_277,Rights and privileges,libera
Hanson2016_280,Rights and privileges,libera
Hanson2016_284,Metropolis capital,
Hanson2016_287,Rights and privileges,libera
Hanson2016_288,Rights and privileges,libera et immunis
Hanson2016_289,Colonia,
Hanson2016_289,Metropolis capital,
Hanson2016_289,Rights and privileges,ius Romanum
Hanson2016_289,Rights and privileges,libera
Hanson2016_290,Conventus capital,
Hanson2016_290,Metropolis capital,
Hanson2016_295,Rights and privileges,libera
Hanson2016_296,Rights and privileges,foederata
Hanson2016_297,Metropolis capital,
Hanson2016_298,Rights and privileges,libera
Hanson2016_299,Rights and privileges,libera
Hanson2016_302,Rights and privileges,libera
Hanson2016_304,Colonia,
Hanson2016_304,Colonia,
Hanson2016_304,Rights and privileges,libera
Hanson2016_304,Rights and privileges,ius Romanum
Hanson2016_305,Conventus capital,
Hanson2016_305,Metropolis capital,
Hanson2016_305,Rights and privileges,ius Romanum?
Hanson2016_308,Rights and privileges,libera
Hanson2016_309,Metropolis capital?,
Hanson2016_309,Rights and privileges,foederata
Hanson2016_311,Rights and privileges,libera
Hanson2016_312,Conventus capital,
Hanson2016_312,Metropolis capital,
Hanson2016_312,Provincial capital,
Hanson2016_313,Colonia,
Hanson2016_314,Metropolis capital,
Hanson2016_315,Conventus capital,
Hanson2016_315,Metropolis capital,
Hanson2016_315,Rights and privileges,libera
Hanson2016_316,Rights and privileges,libera
Hanson2016_317,Conventus capital,
Hanson2016_317,Metropolis capital,
Hanson2016_320,Metropolis capital,
Hanson2016_320,Rights and privileges,libera
Hanson2016_321,Conventus capital,
Hanson2016_321,Metropolis capital,
Hanson2016_322,Municipium,
Hanson2016_323,Colonia,
Hanson2016_323,Colonia?,
Hanson2016_324,Municipium,
Hanson2016_325,Colonia,
Hanson2016_325,Municipium,
Hanson2016_325,Rights and privileges,ius Romanum
Hanson2016_325,Rights and privileges,ius Latii
Hanson2016_326,Colonia,
Hanson2016_326,Colonia?,
Hanson2016_326,Conventus capital,
Hanson2016_326,Rights and privileges,ius Romanum
Hanson2016_326,Rights and privileges,ius Romanum
Hanson2016_327,Municipium,
Hanson2016_328,Municipium,
Hanson2016_329,Colonia?,
Hanson2016_329,Municipium,
Hanson2016_329,Rights and privileges,ius Latii
Hanson2016_329,Rights and privileges,Romanum
Hanson2016_330,Colonia?,
Hanson2016_332,Municipium,
Hanson2016_332,Rights and privileges,ius Latii
Hanson2016_333,Municipium,
Hanson2016_333,Rights and privileges,ius Latii
Hanson2016_334,Colonia,
Hanson2016_334,Municipium,
Hanson2016_334,Rights and privileges,ius Romanum?
Hanson2016_334,Rights and privileges,ius Latii
Hanson2016_335,Municipium,
Hanson2016_335,Rights and privileges,libera
Hanson2016_335,Rights and privileges,ius Latii
Hanson2016_336,Colonia,
Hanson2016_336,Colonia?,
Hanson2016_336,Colonia?,
Hanson2016_336,Conventus capital,
Hanson2016_336,Provincial capital,
Hanson2016_336,Rights and privileges,ius Romanum
Hanson2016_336,Rights and privileges,ius Romanum
Hanson2016_336,Rights and privileges,ius Romanum
Hanson2016_337,Colonia?,
Hanson2016_337,Conventus capital,
Hanson2016_337,Municipium?,
Hanson2016_337,Municipium?,
Hanson2016_337,Rights and privileges,ius Latii?
Hanson2016_337,Rights and privileges,foederata
Hanson2016_337,Rights and privileges,libera
Hanson2016_337,Rights and privileges,ius Romanum?
Hanson2016_337,Rights and privileges,ius Latii?
Hanson2016_338,Colonia,
Hanson2016_338,Rights and privileges,ius Romanum
Hanson2016_339,Colonia,
Hanson2016_339,Colonia,
Hanson2016_339,Conventus capital,
Hanson2016_339,Rights and privileges,ius Romanum
Hanson2016_339,Rights and privileges,ius Romanum
Hanson2016_340,Colonia?,
Hanson2016_340,Municipium,
Hanson2016_340,Rights and privileges,ius Latii?
Hanson2016_340,Rights and privileges,ius Romanum?
Hanson2016_341,Municipium,
Hanson2016_342,Municipium?,
Hanson2016_343,Municipium,
Hanson2016_343,Rights and privileges,ius Latii?
Hanson2016_344,Colonia,
Hanson2016_344,Rights and privileges,immunis
Hanson2016_344,Rights and privileges,ius Romanum
Hanson2016_345,Municipium,
Hanson2016_346,Municipium,
Hanson2016_347,Colonia,
Hanson2016_347,Colonia,
Hanson2016_347,Municipium,
Hanson2016_347,Rights and privileges,ius Romanum
Hanson2016_347,Rights and privileges,ius Romanum
Hanson2016_347,Rights and privileges,ius Latii?
Hanson2016_348,Colonia?,
Hanson2016_348,Municipium?,
Hanson2016_348,Rights and privileges,ius Romanum
Hanson2016_349,Municipium,
Hanson2016_349,Rights and privileges,ius Latii
Hanson2016_350,Colonia?,
Hanson2016_351,Municipium,
Hanson2016_351,Rights and privileges,foederata
Hanson2016_352,Municipium,
Hanson2016_352,Rights and privileges,ius Latii
Hanson2016_353,Colonia?,
Hanson2016_354,Municipium,
Hanson2016_355,Municipium,
Hanson2016_356,Municipium,
Hanson2016_356,Rights and privileges,ius Latii?
Hanson2016_357,Municipium,
Hanson2016_358,Municipium,
Hanson2016_358,Rights and privileges,ius Latii?
Hanson2016_359,Municipium,
Hanson2016_360,Municipium,
Hanson2016_361,Municipium,
Hanson2016_361,Rights and privileges,ius Latii
Hanson2016_362,Colonia?,
Hanson2016_363,Colonia?,
Hanson2016_364,Municipium,
Hanson2016_365,Rights and privileges,libera
Hanson2016_366,Municipium,
Hanson2016_367,Colonia,
Hanson2016_367,Rights and privileges,ius Romanum
Hanson2016_367,Rights and privileges,immunis
Hanson2016_368,Colonia,
Hanson2016_368,Rights and privileges,ius Romanum?
Hanson2016_369,Municipium,
Hanson2016_369,Rights and privileges,ius Latii
Hanson2016_370,Colonia?,
Hanson2016_371,Municipium,
Hanson2016_372,Municipium,
Hanson2016_373,Colonia,
Hanson2016_373,Colonia?,
Hanson2016_373,Rights and privileges,ius Romanum
Hanson2016_373,Rights and privileges,immunis
Hanson2016_373,Rights and privileges,ius Romanum
Hanson2016_374,Metropolis capital,
Hanson2016_375,Colonia,
Hanson2016_375,Rights and privileges,foederata
Hanson2016_375,Rights and privileges,libera
Hanson2016_375,Rights and privileges,libera
Hanson2016_375,Rights and privileges,libera
Hanson2016_376,Colonia,
Hanson2016_376,Colonia?,
Hanson2016_376,Colonia?,
Hanson2016_376,Rights and privileges,ius Romanum?
Hanson2016_376,Rights and privileges,ius Italicum
Hanson2016_376,Rights and privileges,ius Romanum?
Hanson2016_377,Rights and privileges,libera
Hanson2016_378,Metropolis capital,
Hanson2016_378,Metropolis capital,
Hanson2016_379,Colonia,
Hanson2016_379,Metropolis capital,
Hanson2016_379,Provincial capital,
Hanson2016_380,Rights and privileges,ius Romanum?
Hanson2016_381,Colonia,
Hanson2016_381,Colonia,
Hanson2016_381,Rights and privileges,ius Romanum
Hanson2016_381,Rights and privileges,ius Romanum
Hanson2016_384,Civitas capital,Failed
Hanson2016_385,Civitas capital,
Hanson2016_386,Colonia,
Hanson2016_386,Provincial capital,
Hanson2016_387,Civitas capital,
Hanson2016_389,Civitas capital,
Hanson2016_392,Civitas capital,
Hanson2016_393,Colonia,
Hanson2016_393,Municipium,
Hanson2016_393,Provincial capital,
Hanson2016_394,Colonia,
Hanson2016_395,Civitas capital,
Hanson2016_396,Civitas capital,
Hanson2016_397,Civitas capital,
Hanson2016_398,Colonia,
Hanson2016_399,Colonia,
Hanson2016_399,Municipium,
Hanson2016_399,Provincial capital,
Hanson2016_400,Civitas capital,
Hanson2016_401,Civitas capital,
Hanson2016_402,Civitas capital,
Hanson2016_403,Civitas capital,Failed
Hanson2016_404,Civitas capital,
Hanson2016_404,Municipium,
Hanson2016_405,Civitas capital,
Hanson2016_406,Civitas capital,
Hanson2016_407,Civitas capital,
Hanson2016_408,Civitas capital,
Hanson2016_408,Municipium,
Hanson2016_409,Civitas capital,
Hanson2016_410,Metropolis capital,
Hanson2016_411,Metropolis capital,
Hanson2016_411,Provincial capital,
Hanson2016_412,Colonia,
Hanson2016_412,Metropolis capital?,
Hanson2016_412,Rights and privileges,ius Romanum
Hanson2016_413,Colonia,
Hanson2016_414,Colonia,
Hanson2016_415,Colonia,
Hanson2016_416,Colonia,
Hanson2016_417,Colonia,
Hanson2016_417,Colonia,
Hanson2016_417,Conventus capital,
Hanson2016_417,Metropolis capital?,
Hanson2016_418,Conventus capital,
Hanson2016_418,Metropolis capital,
Hanson2016_419,Colonia,
Hanson2016_419,Rights and privileges,ius Romanum
Hanson2016_420,Metropolis capital,
Hanson2016_420,Provincial capital,
Hanson2016_421,Colonia?,
Hanson2016_421,Metropolis capital,
Hanson2016_421,Municipium,
Hanson2016_422,Metropolis capital,
Hanson2016_423,Colonia,
Hanson2016_423,Metropolis capital,
Hanson2016_423,Rights and privileges,ius Italicum
Hanson2016_424,Metropolis capital,
Hanson2016_426,Colonia,
Hanson2016_426,Rights and privileges,libera
Hanson2016_429,Metropolis capital,
Hanson2016_432,Colonia,
Hanson2016_439,Colonia,
Hanson2016_439,Municipium,
Hanson2016_444,Metropolis capital?,
Hanson2016_446,Rights and privileges,libera
Hanson2016_450,Metropolis capital,
Hanson2016_452,Rights and privileges,libera
Hanson2016_453,Metropolis capital?,
Hanson2016_453,Provincial capital,
Hanson2016_455,Colonia,
Hanson2016_457,Metropolis capital,
Hanson2016_458,Metropolis capital,
Hanson2016_459,Metropolis capital,
Hanson2016_459,Rights and privileges,libera
Hanson2016_460,Colonia,
Hanson2016_461,Rights and privileges,libera
Hanson2016_463,Conventus capital,
Hanson2016_463,Metropolis capital,
Hanson2016_463,Provincial capital,
Hanson2016_463,Rights and privileges,libera et immunis
Hanson2016_463,Rights and privileges,stipendiaria
Hanson2016_464,Colonia,
Hanson2016_464,Rights and privileges,ius Romanum
Hanson2016_465,Municipium,
Hanson2016_465,Provincial capital,
Hanson2016_465,Rights and privileges,ius Latii
Hanson2016_466,Colonia,
Hanson2016_466,Colonia,
Hanson2016_466,Municipium,
Hanson2016_467,Colonia,
Hanson2016_467,Rights and privileges,ius Romanum
Hanson2016_468,Municipium,
Hanson2016_470,Municipium,
Hanson2016_472,Colonia,
Hanson2016_472,Rights and privileges,ius Romanum
Hanson2016_473,City of the Libyan Pentapolis,
Hanson2016_475,City of the Libyan Pentapolis,
Hanson2016_479,Colonia,
Hanson2016_479,Rights and privileges,ius Romanum
Hanson2016_480,Rights and privileges,libera
Hanson2016_481,City of the Libyan Pentapolis,
Hanson2016_481,Colonia?,
Hanson2016_481,Metropolis capital,
Hanson2016_482,Provincial capital,
Hanson2016_488,City of the Libyan Pentapolis,
Hanson2016_488,Metropolis capital,
Hanson2016_490,City of the Libyan Pentapolis,
Hanson2016_490,Colonia?,
Hanson2016_491,Municipium,
Hanson2016_492,Colonia?,
Hanson2016_492,Municipium,
Hanson2016_492,Provincial capital?,
Hanson2016_493,Colonia,
Hanson2016_493,Municipium,
Hanson2016_494,Colonia,
Hanson2016_494,Municipium,
Hanson2016_496,Colonia,
Hanson2016_496,Municipium,
Hanson2016_496,Provincial capital,
Hanson2016_496,Rights and privileges,ius Italicum
Hanson2016_497,Municipium,
Hanson2016_497,Provincial capital,
Hanson2016_498,Colonia,
Hanson2016_498,Municipium,
Hanson2016_498,Rights and privileges,ius Italicum
Hanson2016_499,Colonia,
Hanson2016_499,Municipium,
Hanson2016_499,Provincial capital,
Hanson2016_500,Colonia,
Hanson2016_500,Metropolis capital,
Hanson2016_500,Provincial capital,
Hanson2016_500,Rights and privileges,ius italicum
Hanson2016_501,Municipium,
Hanson2016_502,Municipium,
Hanson2016_503,Colonia?,
Hanson2016_503,Municipium?,
Hanson2016_503,Rights and privileges,ius Romanum
Hanson2016_503,Rights and privileges,ius Latii
Hanson2016_504,Municipium,
Hanson2016_504,Rights and privileges,ius Latii?
Hanson2016_505,Colonia,
Hanson2016_505,Rights and privileges,ius Romanum
Hanson2016_506,Municipium,
Hanson2016_507,Municipium?,
Hanson2016_508,Municipium,
Hanson2016_508,Rights and privileges,ius Latii?
Hanson2016_509,Municipium,
Hanson2016_510,Municipium,
Hanson2016_511,Municipium,
Hanson2016_511,Rights and privileges,immunis
Hanson2016_512,Municipium,
Hanson2016_513,Municipium,
Hanson2016_514,Municipium,
Hanson2016_515,Municipium,
Hanson2016_516,Municipium,
Hanson2016_517,Municipium,
Hanson2016_518,Colonia?,
Hanson2016_518,Municipium?,
Hanson2016_518,Rights and privileges,ius Latii?
Hanson2016_519,Municipium,
Hanson2016_520,Municipium,
Hanson2016_521,Municipium,
Hanson2016_522,Municipium,
Hanson2016_522,Rights and privileges,ius Italicum
Hanson2016_523,Municipium,
Hanson2016_524,Municipium,
Hanson2016_524,Rights and privileges,ius Latii?
Hanson2016_525,Municipium,
Hanson2016_526,Colonia?,
Hanson2016_526,Municipium,
Hanson2016_527,Colonia,
Hanson2016_527,Rights and privileges,ius Romanum
Hanson2016_528,Municipium,
Hanson2016_529,Colonia,
Hanson2016_529,Colonia,
Hanson2016_529,Rights and privileges,ius Romanum
Hanson2016_529,Rights and privileges,ius Romanum
Hanson2016_530,Municipium,
Hanson2016_530,Rights and privileges,ius Latii
Hanson2016_530,Rights and privileges,foederata
Hanson2016_530,Rights and privileges,libera
Hanson2016_530,Rights and privileges,immunis
Hanson2016_531,Municipium?,
Hanson2016_532,Colonia?,
Hanson2016_532,Municipium?,
Hanson2016_532,Rights and privileges,ius Latii?
Hanson2016_533,Municipium,
Hanson2016_534,Municipium,
Hanson2016_535,Municipium,
Hanson2016_536,Municipium,
Hanson2016_537,Colonia?,
Hanson2016_537,Municipium,
Hanson2016_538,Colonia,
Hanson2016_538,Conventus capital,
Hanson2016_538,Rights and privileges,ius Romanum
Hanson2016_539,Colonia,
Hanson2016_539,Municipium,
Hanson2016_540,Municipium,
Hanson2016_541,Colonia,
Hanson2016_541,Municipium,
Hanson2016_541,Rights and privileges,libera et immunis
Hanson2016_541,Rights and privileges,ius Latii?
Hanson2016_542,Municipium,
Hanson2016_542,Rights and privileges,ius Latii?
Hanson2016_543,Municipium,
Hanson2016_544,Municipium,
Hanson2016_545,Colonia?,
Hanson2016_546,Colonia?,
Hanson2016_546,Municipium?,
Hanson2016_546,Rights and privileges,immunis
Hanson2016_546,Rights and privileges,ius Latii?
Hanson2016_547,Colonia,
Hanson2016_547,Colonia,
Hanson2016_547,Conventus capital,
Hanson2016_547,Provincial capital,
Hanson2016_547,Rights and privileges,ius Romanum
Hanson2016_547,Rights and privileges,ius Romanum
Hanson2016_548,Municipium,
Hanson2016_549,Conventus capital,
Hanson2016_549,Municipium,
Hanson2016_550,Colonia,
Hanson2016_550,Conventus capital,
Hanson2016_550,Municipium,
Hanson2016_550,Rights and privileges,ius Latii?
Hanson2016_551,Colonia?,
Hanson2016_551,Municipium?,
Hanson2016_551,Rights and privileges,ius Romanum
Hanson2016_552,Municipium?,
Hanson2016_553,Municipium,
Hanson2016_554,Municipium,
Hanson2016_555,Municipium,
Hanson2016_555,Rights and privileges,ius Latii?
Hanson2016_556,Municipium,
Hanson2016_556,Rights and privileges,foederata
Hanson2016_556,Rights and privileges,ius Latii?
Hanson2016_556,Rights and privileges,libera
Hanson2016_557,Municipium,
Hanson2016_557,Rights and privileges,immunis
Hanson2016_557,Rights and privileges,ius Latii
Hanson2016_558,Municipium,
Hanson2016_558,Rights and privileges,ius Latii?
Hanson2016_559,Civitas capital,
Hanson2016_560,Civitas capital,
Hanson2016_561,Civitas capital,
Hanson2016_561,Colonia,
Hanson2016_561,Rights and privileges,ius Romanum
Hanson2016_562,Civitas capital,
Hanson2016_563,Civitas capital,
Hanson2016_563,Colonia?,
Hanson2016_564,Civitas capital,
Hanson2016_564,Colonia,
Hanson2016_564,Rights and privileges,Peregrine
Hanson2016_565,Civitas capital,
Hanson2016_565,Colonia,
Hanson2016_565,Rights and privileges,Peregrine
Hanson2016_566,Civitas capital,
Hanson2016_567,Civitas capital,
Hanson2016_567,Municipium,
Hanson2016_567,Provincial capital,
Hanson2016_568,Civitas capital,
Hanson2016_569,Civitas capital,
Hanson2016_570,Civitas capital,
Hanson2016_571,Civitas capital,
Hanson2016_571,Colonia,
Hanson2016_571,Rights and privileges,ius Italicum
Hanson2016_572,Civitas capital,
Hanson2016_574,Civitas capital,
Hanson2016_576,Civitas capital,
Hanson2016_576,Rights and privileges,libera
Hanson2016_580,Civitas capital,
Hanson2016_581,Civitas capital,
Hanson2016_581,Colonia,
Hanson2016_581,Rights and privileges,ius Romanum?
Hanson2016_582,Civitas capital,
Hanson2016_582,Colonia,
Hanson2016_582,Colonia,
Hanson2016_582,Rights and privileges,Peregrine
Hanson2016_583,Civitas capital,
Hanson2016_585,Civitas capital,
Hanson2016_586,Civitas capital,
Hanson2016_587,Civitas capital,
Hanson2016_587,Colonia,
Hanson2016_587,Municipium,
Hanson2016_587,Rights and privileges,Peregrine
Hanson2016_589,Civitas capital,
Hanson2016_590,Civitas capital,
Hanson2016_590,Provincial capital,
Hanson2016_591,Civitas capital,
Hanson2016_593,Civitas capital,
Hanson2016_595,Civitas capital,
Hanson2016_595,Colonia?,
Hanson2016_596,Civitas capital,
Hanson2016_597,Civitas capital,
Hanson2016_600,Civitas capital,
Hanson2016_601,Civitas capital,
Hanson2016_601,Colonia,
Hanson2016_601,Rights and privileges,Peregrine
Hanson2016_602,Civitas capital,
Hanson2016_602,Colonia,
Hanson2016_602,Rights and privileges,ius Latii
Hanson2016_603,Civitas capital,
Hanson2016_603,Colonia,
Hanson2016_603,Rights and privileges,Peregrine
Hanson2016_604,Civitas capital,
Hanson2016_607,Civitas capital,
Hanson2016_609,Civitas capital?,
Hanson2016_610,Civitas capital?,
Hanson2016_611,Civitas capital,
Hanson2016_613,Civitas capital,
Hanson2016_613,Colonia,
Hanson2016_613,Rights and privileges,libera
Hanson2016_615,Civitas capital,
Hanson2016_616,Civitas capital,
Hanson2016_617,Civitas capital,
Hanson2016_618,Civitas capital,
Hanson2016_620,Civitas capital,
Hanson2016_620,Colonia,
Hanson2016_620,Provincial capital,
Hanson2016_620,Rights and privileges,ius Romanum
Hanson2016_621,Civitas capital,
Hanson2016_622,Civitas capital,
Hanson2016_624,Civitas capital,
Hanson2016_625,Civitas capital,
Hanson2016_626,Civitas capital,
Hanson2016_627,Civitas capital,
Hanson2016_628,Colonia,
Hanson2016_628,Rights and privileges,ius Latii
Hanson2016_629,Civitas capital,
Hanson2016_629,Colonia,
Hanson2016_629,Rights and privileges,ius Latii
Hanson2016_630,Rights and privileges,ius Latii
Hanson2016_631,Colonia,
Hanson2016_631,Rights and privileges,ius Romanum
Hanson2016_631,Rights and privileges,ius Latii
Hanson2016_632,Civitas capital,
Hanson2016_632,Colonia,
Hanson2016_632,Rights and privileges,ius Latii
Hanson2016_633,Colonia,
Hanson2016_633,Colonia,
Hanson2016_633,Rights and privileges,ius Latii
Hanson2016_633,Rights and privileges,ius Romanum
Hanson2016_634,Colonia,
Hanson2016_634,Rights and privileges,ius Romanum
Hanson2016_635,Colonia,
Hanson2016_635,Municipium,
Hanson2016_635,Rights and privileges,ius Latii
Hanson2016_636,Colonia,
Hanson2016_636,Colonia,
Hanson2016_636,Rights and privileges,ius Latii
Hanson2016_637,Colonia,
Hanson2016_637,Rights and privileges,ius Romanum
Hanson2016_639,Civitas capital,
Hanson2016_639,Colonia,
Hanson2016_639,Rights and privileges,ius Italicum
Hanson2016_640,Colonia,
Hanson2016_640,Rights and privileges,ius Italicum
Hanson2016_641,Civitas capital,
Hanson2016_641,Colonia,
Hanson2016_641,Rights and privileges,ius Italicum
Hanson2016_642,Civitas capital,
Hanson2016_643,Civitas capital,
Hanson2016_645,Colonia,
Hanson2016_645,Colonia,
Hanson2016_645,Rights and privileges,ius Romanum
Hanson2016_645,Rights and privileges,ius Romanum?
Hanson2016_646,Rights and privileges,ius Latii?
Hanson2016_647,Colonia?,
Hanson2016_647,Rights and privileges,ius Latii?
Hanson2016_647,Rights and privileges,ius Italicum
Hanson2016_648,Civitas capital,
Hanson2016_648,Colonia,
Hanson2016_648,Municipium?,
Hanson2016_648,Rights and privileges,ius Italicum
Hanson2016_649,Municipium?,
Hanson2016_649,Rights and privileges,ius Latii?
Hanson2016_651,Colonia,
Hanson2016_651,Colonia?,
Hanson2016_651,Provincial capital,
Hanson2016_651,Rights and privileges,ius Romanum
Hanson2016_651,Rights and privileges,ius Romanum?
Hanson2016_652,Civitas capital,
Hanson2016_652,Colonia,
Hanson2016_652,Provincial capital,
Hanson2016_652,Rights and privileges,ius Latii
Hanson2016_653,Colonia,
Hanson2016_653,Rights and privileges,ius Latii
Hanson2016_654,Civitas capital,
Hanson2016_654,Colonia?,
Hanson2016_654,Rights and privileges,ius Italicum
Hanson2016_655,Civitas capital,
Hanson2016_656,Colonia,
Hanson2016_656,Municipium?,
Hanson2016_656,Rights and privileges,ius Latii
Hanson2016_656,Rights and privileges,ius Romanum
Hanson2016_657,Civitas capital,
Hanson2016_657,Rights and privileges,ius Italicum
Hanson2016_657,Rights and privileges,foederata
Hanson2016_658,Civitas capital?,
Hanson2016_658,Colonia,
Hanson2016_658,Colonia,
Hanson2016_658,Rights and privileges,ius Romanum
Hanson2016_658,Rights and privileges,ius Italicum
Hanson2016_658,Rights and privileges,ius Romanum
Hanson2016_659,Civitas capital,
Hanson2016_659,Colonia?,
Hanson2016_659,Municipium,
Hanson2016_660,Colonia,
Hanson2016_660,Provincial capital,
Hanson2016_661,Colonia,
Hanson2016_661,Metropolis capital,
Hanson2016_662,Civitas capital,
Hanson2016_662,Municipium,
Hanson2016_663,Civitas capital,
Hanson2016_663,Municipium,
Hanson2016_664,Civitas capital,
Hanson2016_664,Colonia,
Hanson2016_664,Rights and privileges,foederata
Hanson2016_665,Civitas capital,
Hanson2016_666,Municipium,
Hanson2016_668,Civitas capital,
Hanson2016_668,Colonia,
Hanson2016_668,Rights and privileges,ius Romanum
Hanson2016_669,Civitas capital,
Hanson2016_669,Colonia,
Hanson2016_673,Provincial capital,
Hanson2016_674,Colonia,
Hanson2016_674,Rights and privileges,ius Romanum
Hanson2016_677,Civitas capital,
Hanson2016_679,Civitas capital,
Hanson2016_681,Colonia,
Hanson2016_681,Rights and privileges,ius Romanum
Hanson2016_682,Rights and privileges,stipendiaria
Hanson2016_683,Municipium,
Hanson2016_684,Colonia,
Hanson2016_684,Conventus capital,
Hanson2016_685,Municipium,
Hanson2016_686,Municipium,
Hanson2016_686,Rights and privileges,ius Latii?
Hanson2016_687,Colonia,
Hanson2016_687,Rights and privileges,ius Romanum
Hanson2016_688,Colonia?,
Hanson2016_688,Municipium?,
Hanson2016_688,Rights and privileges,ius Latii?
Hanson2016_688,Rights and privileges,ius Romanum
Hanson2016_689,Colonia?,
Hanson2016_690,Colonia,
Hanson2016_690,Conventus capital,
Hanson2016_691,Colonia,
Hanson2016_691,Conventus capital,
Hanson2016_691,Rights and privileges,immunis
Hanson2016_691,Rights and privileges,ius Romanum
Hanson2016_692,Municipium,
Hanson2016_692,Rights and privileges,ius Latii
Hanson2016_693,Colonia,
Hanson2016_693,Conventus capital,
Hanson2016_693,Municipium,
Hanson2016_693,Rights and privileges,ius Romanum
Hanson2016_694,Municipium,
Hanson2016_694,Rights and privileges,ius Latii
Hanson2016_695,Colonia,
Hanson2016_695,Rights and privileges,ius Romanum
Hanson2016_696,Colonia,
Hanson2016_696,Conventus capital,
Hanson2016_696,Municipium,
Hanson2016_697,Colonia?,
Hanson2016_697,Municipium?,
Hanson2016_697,Rights and privileges,ius Latii?
Hanson2016_697,Rights and privileges,ius Romanum
Hanson2016_698,Municipium,
Hanson2016_698,Rights and privileges,stipendiaria
Hanson2016_699,Municipium,
Hanson2016_699,Rights and privileges,foederata
Hanson2016_700,Colonia,
Hanson2016_700,Municipium,
Hanson2016_700,Rights and privileges,ius Romanum?
Hanson2016_700,Rights and privileges,ius Latii?
Hanson2016_701,Municipium,
Hanson2016_701,Rights and privileges,ius Latii
Hanson2016_702,Colonia,
Hanson2016_703,Municipium?,
Hanson2016_703,Rights and privileges,ius Latii
Hanson2016_704,Colonia,
Hanson2016_704,Colonia,
Hanson2016_704,Municipium,
Hanson2016_705,Municipium,
Hanson2016_705,Rights and privileges,ius Latii
Hanson2016_705,Rights and privileges,stipendiaria
Hanson2016_707,Colonia?,
Hanson2016_707,Municipium,
Hanson2016_707,Rights and privileges,ius Romanum?
Hanson2016_707,Rights and privileges,ius Latii
Hanson2016_708,Colonia,
Hanson2016_708,Rights and privileges,immunis
Hanson2016_708,Rights and privileges,ius Romanum
Hanson2016_709,Municipium,
Hanson2016_711,Municipium,
Hanson2016_711,Rights and privileges,stipendiaria
Hanson2016_712,Colonia,
Hanson2016_712,Rights and privileges,ius Romanum
Hanson2016_713,Municipium,
Hanson2016_713,Rights and privileges,ius Latii
Hanson2016_714,Colonia,
Hanson2016_714,Conventus capital,
Hanson2016_716,Municipium,
Hanson2016_718,Colonia?,
Hanson2016_718,Municipium,
Hanson2016_718,Rights and privileges,ius Latii?
Hanson2016_719,Municipium,
Hanson2016_720,Colonia,
Hanson2016_720,Municipium,
Hanson2016_720,Rights and privileges,ius Latii
Hanson2016_721,Colonia,
Hanson2016_721,Municipium,
Hanson2016_721,Rights and privileges,ius Latii?
Hanson2016_721,Rights and privileges,ius Romanum?
Hanson2016_722,Municipium,
Hanson2016_722,Rights and privileges,stipendiaria
Hanson2016_724,Municipium,
Hanson2016_725,Colonia,
Hanson2016_725,Municipium,
Hanson2016_725,Municipium,
Hanson2016_725,Rights and privileges,ius Latii?
Hanson2016_725,Rights and privileges,ius Latii?
Hanson2016_726,Colonia,
Hanson2016_726,Rights and privileges,ius Romanum
Hanson2016_728,Municipium,
Hanson2016_729,Municipium,
Hanson2016_731,Colonia,
Hanson2016_731,Conventus capital,
Hanson2016_731,Provincial capital,
Hanson2016_731,Rights and privileges,ius Romanum
Hanson2016_733,Rights and privileges,stipendiaria
Hanson2016_734,Municipium,
Hanson2016_734,Rights and privileges,ius Latii
Hanson2016_736,Colonia,
Hanson2016_736,Colonia,
Hanson2016_736,Colonia?,
Hanson2016_736,Rights and privileges,ius Latii?
Hanson2016_736,Rights and privileges,ius Romanum
Hanson2016_737,Colonia,
Hanson2016_737,Rights and privileges,ius Romanum
Hanson2016_738,Colonia?,
Hanson2016_739,Colonia,
Hanson2016_740,Colonia,
Hanson2016_740,Colonia,
Hanson2016_740,Colonia,
Hanson2016_741,Colonia,
Hanson2016_741,Municipium,
Hanson2016_741,Rights and privileges,ius Latii
Hanson2016_742,Municipium,
Hanson2016_742,Rights and privileges,ius Latii?
Hanson2016_743,Colonia,
Hanson2016_743,Colonia,
Hanson2016_743,Municipium,
Hanson2016_744,Municipium,
Hanson2016_744,Rights and privileges,ius Romanum
Hanson2016_745,Colonia,
Hanson2016_745,Colonia,
Hanson2016_745,Colonia,
Hanson2016_745,Rights and privileges,ius Latii
Hanson2016_745,Rights and privileges,ius Italicum
Hanson2016_746,Municipium,
Hanson2016_747,Colonia,
Hanson2016_747,Municipium,
Hanson2016_747,Rights and privileges,ius Latii?
Hanson2016_747,Rights and privileges,ius Romanum?
Hanson2016_748,Colonia,
Hanson2016_748,Colonia,
Hanson2016_748,Municipium,
Hanson2016_748,Rights and privileges,ius Latii
Hanson2016_749,Municipium,
Hanson2016_749,Rights and privileges,ius Romanum
Hanson2016_750,Municipium,
Hanson2016_750,Rights and privileges,ius Romanum
Hanson2016_750,Rights and privileges,ius Romanum
Hanson2016_751,Colonia,
Hanson2016_751,Municipium,
Hanson2016_752,Colonia,
Hanson2016_752,Municipium,
Hanson2016_754,Municipium?,
Hanson2016_755,Municipium,
Hanson2016_755,Rights and privileges,ius Romanum
Hanson2016_756,Colonia,
Hanson2016_756,Municipium,
Hanson2016_757,Colonia,
Hanson2016_757,Colonia,
Hanson2016_757,Municipium,
Hanson2016_757,Rights and privileges,ius Latii
Hanson2016_758,Colonia,
Hanson2016_758,Colonia,
Hanson2016_758,Colonia,
Hanson2016_758,Colonia,
Hanson2016_758,Colonia,
Hanson2016_758,Colonia,
Hanson2016_758,Colonia,
Hanson2016_758,Colonia,
Hanson2016_758,Municipium,
Hanson2016_758,Provincial capital,
Hanson2016_758,Rights and privileges,ius Latii
Hanson2016_759,Colonia,
Hanson2016_760,Colonia,
Hanson2016_760,Municipium,
Hanson2016_760,Rights and privileges,ius Romanum
Hanson2016_761,Colonia,
Hanson2016_761,Municipium,
Hanson2016_762,Municipium,
Hanson2016_763,Municipium,
Hanson2016_764,Colonia,
Hanson2016_764,Colonia?,
Hanson2016_764,Municipium,
Hanson2016_764,Rights and privileges,ius Latii?
Hanson2016_764,Rights and privileges,ius Latii
Hanson2016_766,Colonia,
Hanson2016_766,Municipium,
Hanson2016_766,Rights and privileges,ius Latii
Hanson2016_767,Municipium,
Hanson2016_767,Rights and privileges,foederata
Hanson2016_767,Rights and privileges,ius Latii?
Hanson2016_768,Colonia,
Hanson2016_768,Municipium,
Hanson2016_768,Rights and privileges,ius Latii
Hanson2016_769,Colonia,
Hanson2016_769,Municipium?,
Hanson2016_769,Rights and privileges,ius Italicum
Hanson2016_770,Municipium,
Hanson2016_770,Rights and privileges,ius Latii
Hanson2016_771,Colonia,
Hanson2016_771,Municipium,
Hanson2016_771,Rights and privileges,ius Romanum
Hanson2016_771,Rights and privileges,ius Romanum
Hanson2016_773,Colonia,
Hanson2016_773,Municipium?,
Hanson2016_774,Colonia,
Hanson2016_774,Municipium?,
Hanson2016_774,Rights and privileges,ius Romanum
Hanson2016_774,Rights and privileges,ius Latii
Hanson2016_775,Municipium,
Hanson2016_776,Municipium,
Hanson2016_777,Colonia,
Hanson2016_777,Municipium,
Hanson2016_777,Rights and privileges,ius Latii
Hanson2016_778,Colonia,
Hanson2016_778,Colonia,ius Latii
Hanson2016_778,Municipium,
Hanson2016_778,Rights and privileges,ius Latii
Hanson2016_779,Municipium,
Hanson2016_779,Rights and privileges,ius Latii
Hanson2016_780,Municipium,
Hanson2016_781,Colonia,
Hanson2016_782,Colonia,
Hanson2016_782,Colonia,
Hanson2016_782,Rights and privileges,ius Italicum
Hanson2016_783,Colonia,
Hanson2016_784,Colonia,
Hanson2016_784,Colonia,
Hanson2016_784,Municipium,
Hanson2016_785,Colonia,
Hanson2016_785,Colonia,
Hanson2016_785,Municipium?,
Hanson2016_786,Colonia,
Hanson2016_786,Municipium,
Hanson2016_786,Rights and privileges,ius Latii
Hanson2016_787,Colonia,
Hanson2016_787,Colonia,
Hanson2016_787,Colonia,
Hanson2016_787,Municipium,
Hanson2016_788,Colonia,
Hanson2016_788,Colonia,
Hanson2016_788,Rights and privileges,ius Italicum
Hanson2016_790,Colonia,
Hanson2016_790,Colonia,
Hanson2016_790,Municipium,
Hanson2016_791,Colonia,
Hanson2016_791,Rights and privileges,ius Latii
Hanson2016_792,Colonia,
Hanson2016_792,Colonia,
Hanson2016_792,Municipium,
Hanson2016_792,Rights and privileges,ius Romanum?
Hanson2016_792,Rights and privileges,ius Latii?
Hanson2016_792,Rights and privileges,ius Romanum?
Hanson2016_793,Colonia,
Hanson2016_793,Municipium?,
Hanson2016_793,Rights and privileges,ius Latii?
Hanson2016_793,Rights and privileges,ius Romanum?
Hanson2016_794,Colonia,
Hanson2016_794,Colonia,
Hanson2016_794,Colonia,
Hanson2016_795,Colonia,
Hanson2016_796,Colonia,
Hanson2016_796,Municipium,
Hanson2016_796,Rights and privileges,ius Latii
Hanson2016_797,Colonia,
Hanson2016_797,Colonia,
Hanson2016_797,Municipium,
Hanson2016_797,Rights and privileges,ius Latii
Hanson2016_798,Colonia,
Hanson2016_798,Colonia?,
Hanson2016_798,Municipium,
Hanson2016_798,Rights and privileges,ius Latii?
Hanson2016_798,Rights and privileges,ius Latii
Hanson2016_799,Colonia,
Hanson2016_799,Colonia,
Hanson2016_799,Rights and privileges,ius Italicum
Hanson2016_800,Colonia,
Hanson2016_800,Colonia,
Hanson2016_800,Municipium,
Hanson2016_800,Rights and privileges,ius Latii
Hanson2016_801,Colonia,
Hanson2016_801,Colonia,
Hanson2016_801,Municipium,
Hanson2016_801,Rights and privileges,ius Latii
Hanson2016_802,Colonia,
Hanson2016_802,Municipium,
Hanson2016_802,Rights and privileges,ius Romanum
Hanson2016_803,Municipium,
Hanson2016_804,Colonia,
Hanson2016_804,Colonia,
Hanson2016_804,Rights and privileges,ius Italicum
Hanson2016_804,Rights and privileges,ius Italicum
Hanson2016_805,Colonia,
Hanson2016_805,Municipium,
Hanson2016_806,Colonia,
Hanson2016_806,Municipium,
Hanson2016_807,Municipium,
Hanson2016_808,Municipium,
Hanson2016_808,Rights and privileges,ius Latii?
Hanson2016_809,Colonia,
Hanson2016_809,Municipium,
Hanson2016_809,Rights and privileges,ius Romanum
Hanson2016_810,Colonia?,
Hanson2016_810,Municipium?,
Hanson2016_811,Colonia,
Hanson2016_811,Colonia,
Hanson2016_811,Municipium,
Hanson2016_811,Rights and privileges,ius Latii
Hanson2016_812,Colonia,
Hanson2016_812,Municipium,
Hanson2016_812,Rights and privileges,ius Latii
Hanson2016_813,Municipium?,
Hanson2016_814,Colonia,
Hanson2016_814,Rights and privileges,ius Latii
Hanson2016_815,Colonia,
Hanson2016_816,Colonia,
Hanson2016_817,Colonia,
Hanson2016_817,Municipium,
Hanson2016_818,Municipium,
Hanson2016_819,Colonia,
Hanson2016_819,Colonia,
Hanson2016_819,Municipium?,
Hanson2016_820,Municipium,
Hanson2016_821,Colonia,
Hanson2016_821,Colonia,
Hanson2016_821,Colonia,
Hanson2016_821,Colonia,
Hanson2016_821,Municipium,
Hanson2016_821,Rights and privileges,ius Latii
Hanson2016_821,Rights and privileges,ius Latii
Hanson2016_822,Colonia,
Hanson2016_822,Municipium,
Hanson2016_822,Rights and privileges,ius Latii
Hanson2016_823,Municipium,
Hanson2016_824,Municipium,
Hanson2016_825,Municipium,
Hanson2016_826,Colonia,
Hanson2016_826,Municipium,
Hanson2016_827,Municipium?,
Hanson2016_829,Municipium,
Hanson2016_830,Municipium,
Hanson2016_831,Municipium,
Hanson2016_832,Municipium,
Hanson2016_833,Colonia,
Hanson2016_833,Colonia,
Hanson2016_833,Municipium,
Hanson2016_833,Rights and privileges,ius Latii
Hanson2016_834,Colonia,
Hanson2016_834,Municipium,
Hanson2016_835,Municipium,
Hanson2016_836,Municipium,
Hanson2016_837,Municipium,
Hanson2016_838,Colonia,
Hanson2016_838,Municipium,
Hanson2016_840,Municipium,
Hanson2016_841,Colonia,
Hanson2016_841,Colonia,
Hanson2016_841,Municipium,
Hanson2016_842,Colonia,
Hanson2016_842,Colonia,
Hanson2016_842,Municipium,
Hanson2016_842,Rights and privileges,ius Italicum
Hanson2016_843,Colonia,
Hanson2016_843,Colonia,
Hanson2016_843,Municipium?,
Hanson2016_845,Colonia,
Hanson2016_845,Colonia,
Hanson2016_845,Colonia,
Hanson2016_845,Municipium,
Hanson2016_845,Rights and privileges,ius Latii
Hanson2016_845,Rights and privileges,ius Latii
Hanson2016_846,Municipium,
Hanson2016_847,Municipium,
Hanson2016_848,Colonia,
Hanson2016_849,Municipium?,
Hanson2016_850,Municipium,
Hanson2016_851,Colonia,
Hanson2016_851,Colonia,
Hanson2016_851,Municipium,
Hanson2016_852,Colonia,
Hanson2016_853,Colonia,
Hanson2016_853,Municipium,
Hanson2016_853,Rights and privileges,ius Latii
Hanson2016_854,Municipium?,
Hanson2016_855,Colonia,
Hanson2016_856,Colonia,
Hanson2016_856,Municipium,
Hanson2016_857,Municipium,
Hanson2016_858,Municipium,
Hanson2016_860,Municipium,
Hanson2016_861,Colonia,
Hanson2016_861,Colonia,
Hanson2016_861,Municipium,
Hanson2016_861,Rights and privileges,ius Latii
Hanson2016_862,Municipium,
Hanson2016_863,Municipium,
Hanson2016_864,Municipium,
Hanson2016_865,Colonia,
Hanson2016_865,Colonia,
Hanson2016_866,Municipium,
Hanson2016_867,Colonia,
Hanson2016_867,Municipium,
Hanson2016_868,Colonia,
Hanson2016_869,Municipium?,
Hanson2016_870,Colonia,
Hanson2016_870,Municipium,
Hanson2016_870,Rights and privileges,ius Latii
Hanson2016_871,Municipium,
Hanson2016_873,Colonia,
Hanson2016_873,Municipium,
Hanson2016_873,Rights and privileges,ius Latii
Hanson2016_874,Colonia,
Hanson2016_874,Municipium,
Hanson2016_874,Rights and privileges,ius Latii
Hanson2016_875,Municipium,
Hanson2016_876,Municipium?,
Hanson2016_877,Municipium,
Hanson2016_878,Municipium,
Hanson2016_879,Colonia,
Hanson2016_879,Municipium,
Hanson2016_880,Municipium,
Hanson2016_881,Colonia,
Hanson2016_881,Colonia,
Hanson2016_881,Municipium,
Hanson2016_882,Colonia,
Hanson2016_882,Colonia,
Hanson2016_882,Municipium,
Hanson2016_882,Rights and privileges,ius Latii
Hanson2016_883,Municipium,
Hanson2016_884,Municipium,
Hanson2016_885,Colonia,
Hanson2016_885,Colonia,
Hanson2016_885,Municipium,
Hanson2016_886,Municipium,
Hanson2016_887,Municipium,
Hanson2016_888,Municipium,
Hanson2016_889,Colonia?,
Hanson2016_889,Municipium,
Hanson2016_890,Municipium,
Hanson2016_891,Municipium,
Hanson2016_892,Municipium,
Hanson2016_893,Municipium,
Hanson2016_893,Rights and privileges,ius Romanum
Hanson2016_894,Colonia,
Hanson2016_894,Municipium,
Hanson2016_895,Municipium,
Hanson2016_896,Municipium,
Hanson2016_896,Rights and privileges,ius Latii?
Hanson2016_897,Colonia,
Hanson2016_897,Municipium,
Hanson2016_898,Colonia,
Hanson2016_898,Municipium?,
Hanson2016_899,Colonia,
Hanson2016_899,Municipium,
Hanson2016_900,Colonia,
Hanson2016_900,Municipium,
Hanson2016_901,Municipium,
Hanson2016_902,Municipium,
Hanson2016_902,Rights and privileges,ius Latii
Hanson2016_903,Municipium,
Hanson2016_904,Municipium,
Hanson2016_905,Colonia,
Hanson2016_905,Municipium,
Hanson2016_906,Colonia,
Hanson2016_906,Municipium,
Hanson2016_906,Rights and privileges,foederata
Hanson2016_907,Colonia,
Hanson2016_907,Colonia,
Hanson2016_908,Colonia,
Hanson2016_908,Rights and privileges,ius Italicum
Hanson2016_909,Colonia,
Hanson2016_909,Colonia,
Hanson2016_909,Colonia,
Hanson2016_909,Rights and privileges,ius Italicum
Hanson2016_910,Municipium,
Hanson2016_911,Colonia,
Hanson2016_912,Colonia,
Hanson2016_912,Colonia,
Hanson2016_912,Municipium,
Hanson2016_912,Rights and privileges,ius Latii
Hanson2016_913,Colonia,
Hanson2016_913,Municipium,
Hanson2016_914,Colonia,
Hanson2016_914,Colonia,
Hanson2016_914,Municipium,
Hanson2016_914,Rights and privileges,ius Italicum?
Hanson2016_915,Municipium,
Hanson2016_916,Municipium,
Hanson2016_918,Colonia,
Hanson2016_919,Municipium,
Hanson2016_920,Colonia,
Hanson2016_920,Municipium,
Hanson2016_921,Colonia,
Hanson2016_922,Colonia,
Hanson2016_922,Colonia,
Hanson2016_922,Municipium,
Hanson2016_922,Rights and privileges,ius Italicum
Hanson2016_923,Municipium,
Hanson2016_924,Municipium,
Hanson2016_925,Municipium,
Hanson2016_926,Municipium,
Hanson2016_927,Municipium,
Hanson2016_928,Colonia?,
Hanson2016_928,Municipium,
Hanson2016_929,Colonia,
Hanson2016_929,Municipium,
Hanson2016_930,Municipium,
Hanson2016_931,Municipium,
Hanson2016_932,Colonia,
Hanson2016_932,Colonia,
Hanson2016_932,Municipium,
Hanson2016_933,Municipium,
Hanson2016_933,Rights and privileges,foederata
Hanson2016_934,Municipium,
Hanson2016_935,Municipium,
Hanson2016_936,Municipium,
Hanson2016_937,Municipium,
Hanson2016_938,Colonia,
Hanson2016_938,Municipium,
Hanson2016_938,Rights and privileges,ius Latii
Hanson2016_939,Colonia,
Hanson2016_940,Municipium,
Hanson2016_941,Colonia,
Hanson2016_941,Municipium,
Hanson2016_943,Colonia,
Hanson2016_943,Colonia,
Hanson2016_944,Municipium,
Hanson2016_945,Municipium,
Hanson2016_946,Municipium,
Hanson2016_947,Municipium,
Hanson2016_947,Rights and privileges,foederata
Hanson2016_948,Colonia,
Hanson2016_948,Rights and privileges,ius Itaicum?
Hanson2016_948,Rights and privileges,ius Romanum?
Hanson2016_949,Municipium?,
Hanson2016_950,Colonia,
Hanson2016_950,Municipium,
Hanson2016_951,Municipium,
Hanson2016_952,Colonia,
Hanson2016_952,Municipium,
Hanson2016_952,Rights and privileges,ius Latii
Hanson2016_953,Municipium,
Hanson2016_954,Municipium,
Hanson2016_955,Colonia,
Hanson2016_955,Municipium?,
Hanson2016_956,Municipium,
Hanson2016_957,Municipium,
Hanson2016_958,Municipium,
Hanson2016_959,Municipium,
Hanson2016_960,Colonia,
Hanson2016_960,Rights and privileges,ius Italicum
Hanson2016_961,Municipium,
Hanson2016_962,Colonia,
Hanson2016_962,Municipium,
Hanson2016_964,Municipium,
Hanson2016_965,Municipium,
Hanson2016_965,Rights and privileges,ius Latii
Hanson2016_966,Municipium,
Hanson2016_966,Municipium,
Hanson2016_966,Rights and privileges,ius Latii
Hanson2016_967,Colonia,
Hanson2016_967,Colonia,
Hanson2016_967,Rights and privileges,ius Italicum
Hanson2016_969,Colonia,
Hanson2016_969,Municipium,
Hanson2016_970,Colonia,
Hanson2016_970,Municipium,
Hanson2016_971,Colonia,
Hanson2016_971,Colonia,
Hanson2016_971,Municipium,
Hanson2016_971,Rights and privileges,ius Latii
Hanson2016_971,Rights and privileges,ius Latii
Hanson2016_972,Colonia,
Hanson2016_972,Municipium,
Hanson2016_973,Colonia,
Hanson2016_973,Colonia,
Hanson2016_973,Municipium,
Hanson2016_974,Municipium,
Hanson2016_975,Colonia,
Hanson2016_975,Municipium,
Hanson2016_975,Rights and privileges,ius Latii
Hanson2016_976,Colonia,
Hanson2016_978,Colonia,
Hanson2016_978,Rights and privileges,ius Italicum
Hanson2016_979,Colonia,
Hanson2016_979,Rights and privileges,ius Italicum
Hanson2016_980,Colonia,
Hanson2016_981,Municipium,
Hanson2016_982,Colonia,
Hanson2016_982,Colonia,
Hanson2016_982,Municipium,
Hanson2016_982,Rights and privileges,ius Latii
Hanson2016_983,Colonia,
Hanson2016_984,Colonia,
Hanson2016_984,Colonia,
Hanson2016_984,Rights and privileges,ius Italicum
Hanson2016_985,Colonia,
Hanson2016_985,Municipium,
Hanson2016_985,Rights and privileges,ius Latii?
Hanson2016_986,Colonia,
Hanson2016_986,Municipium,
Hanson2016_987,Colonia,
Hanson2016_987,Colonia,
Hanson2016_987,Municipium,
Hanson2016_987,Rights and privileges,ius Latii
Hanson2016_988,Municipium,
Hanson2016_991,Colonia,
Hanson2016_991,Rights and privileges,ius Italicum
Hanson2016_992,Capital of the Empire,
Hanson2016_992,Colonia,
Hanson2016_993,Colonia,
Hanson2016_994,Colonia,
Hanson2016_994,Municipium,
Hanson2016_995,Colonia,
Hanson2016_995,Colonia,
Hanson2016_995,Municipium,
Hanson2016_995,Rights and privileges,ius Italicum
Hanson2016_996,Municipium,
Hanson2016_997,Municipium,
Hanson2016_998,Colonia,
Hanson2016_998,Colonia,
Hanson2016_998,Municipium,
Hanson2016_998,Rights and privileges,ius Latii
Hanson2016_999,Municipium,
Hanson2016_1000,Municipium,
Hanson2016_1001,Municipium,
Hanson2016_1002,Colonia,
Hanson2016_1002,Municipium,
Hanson2016_1003,Municipium,
Hanson2016_1004,Municipium,
Hanson2016_1005,Municipium,
Hanson2016_1006,Municipium,
Hanson2016_1007,Municipium,
Hanson2016_1008,Colonia,
Hanson2016_1008,Colonia,
Hanson2016_1008,Colonia,
Hanson2016_1008,Municipium,
Hanson2016_1008,Rights and privileges,ius Latii
Hanson2016_1009,Colonia,
Hanson2016_1009,Colonia,
Hanson2016_1009,Colonia,
Hanson2016_1009,Municipium,
Hanson2016_1009,Rights and privileges,ius Latii
Hanson2016_1010,Colonia,
Hanson2016_1010,Municipium?,
Hanson2016_1011,Municipium,
Hanson2016_1012,Municipium,
Hanson2016_1013,Colonia,
Hanson2016_1013,Colonia,
Hanson2016_1013,Colonia,
Hanson2016_1013,Municipium,
Hanson2016_1013,Rights and privileges,ius Latii
Hanson2016_1013,Rights and privileges,ius Latii
Hanson2016_1015,Municipium?,
Hanson2016_1016,Municipium,
Hanson2016_1017,Municipium,
Hanson2016_1018,Municipium,
Hanson2016_1019,Colonia,
Hanson2016_1019,Colonia,
Hanson2016_1019,Rights and privileges,ius Italicum
Hanson2016_1020,Colonia,
Hanson2016_1020,Colonia,
Hanson2016_1020,Rights and privileges,ius Italicum
Hanson2016_1021,Colonia,
Hanson2016_1021,Colonia,
Hanson2016_1021,Colonia,
Hanson2016_1021,Municipium,
Hanson2016_1021,Rights and privileges,ius Latii
Hanson2016_1021,Rights and privileges,ius Latii
Hanson2016_1022,Municipium,
Hanson2016_1022,Rights and privileges,ius Romanum?
Hanson2016_1022,Rights and privileges,foederata
Hanson2016_1023,Colonia,
Hanson2016_1023,Municipium,
Hanson2016_1024,Municipium,
Hanson2016_1025,Colonia,
Hanson2016_1025,Rights and privileges,ius Latii
Hanson2016_1025,Rights and privileges,ius Romanum
Hanson2016_1026,Colonia,
Hanson2016_1026,Municipium,
Hanson2016_1027,Municipium?,
Hanson2016_1027,Rights and privileges,ius Romanum
Hanson2016_1027,Rights and privileges,ius Romanum
Hanson2016_1028,Colonia,
Hanson2016_1028,Municipium,
Hanson2016_1030,Colonia?,
Hanson2016_1030,Municipium,
Hanson2016_1032,Colonia,
Hanson2016_1032,Colonia,
Hanson2016_1033,Colonia,
Hanson2016_1033,Municipium,
Hanson2016_1033,Rights and privileges,ius Romanum
Hanson2016_1034,Colonia,
Hanson2016_1034,Municipium,
Hanson2016_1035,Colonia,
Hanson2016_1035,Colonia,
Hanson2016_1036,Colonia,
Hanson2016_1037,Colonia,
Hanson2016_1037,Colonia,
Hanson2016_1037,Municipium,
Hanson2016_1038,Municipium?,
Hanson2016_1039,Colonia,
Hanson2016_1040,Colonia?,
Hanson2016_1040,Municipium,
Hanson2016_1041,Municipium,
Hanson2016_1042,Colonia,
Hanson2016_1042,Colonia,
Hanson2016_1042,Municipium,
Hanson2016_1042,Rights and privileges,ius Latii
Hanson2016_1042,Rights and privileges,ius Latii
Hanson2016_1043,Municipium,
Hanson2016_1043,Rights and privileges,ius Latii
Hanson2016_1044,Colonia,
Hanson2016_1044,Municipium,
Hanson2016_1045,Colonia,
Hanson2016_1045,Colonia,
Hanson2016_1045,Colonia?,
Hanson2016_1045,Municipium,
Hanson2016_1045,Rights and privileges,ius Latii
Hanson2016_1045,Rights and privileges,ius Latii
Hanson2016_1046,Colonia,
Hanson2016_1046,Colonia,
Hanson2016_1046,Municipium,
Hanson2016_1047,Municipium,
Hanson2016_1048,Colonia,
Hanson2016_1048,Municipium,
Hanson2016_1049,Colonia,
Hanson2016_1050,Colonia,
Hanson2016_1051,Municipium?,
Hanson2016_1052,Municipium,
Hanson2016_1052,Rights and privileges,ius Italicum
Hanson2016_1053,Municipium,
Hanson2016_1054,Colonia,
Hanson2016_1054,Municipium,
Hanson2016_1055,Municipium,
Hanson2016_1055,Rights and privileges,ius Latii
Hanson2016_1055,Rights and privileges,ius Romanum?
Hanson2016_1056,Municipium,
Hanson2016_1057,Colonia,
Hanson2016_1057,Municipium,
Hanson2016_1058,Colonia,
Hanson2016_1058,Municipium,
Hanson2016_1058,Rights and privileges,ius Latii?
Hanson2016_1058,Rights and privileges,ius Romanum?
Hanson2016_1059,Municipium,
Hanson2016_1060,Colonia,
Hanson2016_1060,Colonia,
Hanson2016_1061,Municipium,
Hanson2016_1062,Colonia,
Hanson2016_1062,Municipium?,
Hanson2016_1063,Colonia,
Hanson2016_1064,Colonia,
Hanson2016_1065,Colonia,
Hanson2016_1065,Colonia,
Hanson2016_1065,Municipium,
Hanson2016_1066,Municipium,
Hanson2016_1067,Municipium?,
Hanson2016_1068,Municipium,
Hanson2016_1069,Colonia,
Hanson2016_1069,Municipium,
Hanson2016_1069,Rights and privileges,ius Italicum
Hanson2016_1070,Municipium,
Hanson2016_1071,Colonia,
Hanson2016_1072,Colonia,
Hanson2016_1072,Colonia,
Hanson2016_1072,Municipium,
Hanson2016_1073,Municipium,
Hanson2016_1074,Municipium,
Hanson2016_1075,Municipium,
Hanson2016_1077,Colonia,
Hanson2016_1077,Colonia,
Hanson2016_1077,Conventus capital,
Hanson2016_1077,Provincial capital,
Hanson2016_1077,Rights and privileges,ius Romanum
Hanson2016_1078,Municipium,
Hanson2016_1078,Rights and privileges,stipendiaria
Hanson2016_1079,Municipium,
Hanson2016_1079,Rights and privileges,stipendiaria
Hanson2016_1080,Rights and privileges,stipendiaria
Hanson2016_1081,Municipium,
Hanson2016_1082,Municipium,
Hanson2016_1082,Rights and privileges,ius Latii
Hanson2016_1083,Municipium,
Hanson2016_1084,Colonia?,
Hanson2016_1085,Colonia,
Hanson2016_1085,Colonia?,
Hanson2016_1085,Rights and privileges,ius Romanum
Hanson2016_1085,Rights and privileges,ius Romanum
Hanson2016_1087,Municipium,
Hanson2016_1087,Rights and privileges,ius Latii
Hanson2016_1088,Colonia,
Hanson2016_1088,Rights and privileges,ius Romanum
Hanson2016_1089,Municipium,
Hanson2016_1089,Rights and privileges,ius Latii?
Hanson2016_1091,Colonia,
Hanson2016_1091,Conventus capital,
Hanson2016_1091,Rights and privileges,ius Italicum
Hanson2016_1091,Rights and privileges,ius Latii
Hanson2016_1091,Rights and privileges,ius Romanum
Hanson2016_1092,Municipium,
Hanson2016_1093,Municipium,
Hanson2016_1094,Colonia,
Hanson2016_1094,Conventus capital,
Hanson2016_1094,Rights and privileges,ius Romanum
Hanson2016_1096,Rights and privileges,libera
Hanson2016_1103,Colonia,
Hanson2016_1103,Provincial capital,
Hanson2016_1109,Conventus capital,
Hanson2016_1109,Metropolis capital,
Hanson2016_1110,Colonia,
Hanson2016_1110,Rights and privileges,ius Romanum
Hanson2016_1111,Rights and privileges,libera
Hanson2016_1113,Colonia,
Hanson2016_1113,Rights and privileges,ius Romanum
Hanson2016_1120,Metropolis capital,
Hanson2016_1123,Colonia,
Hanson2016_1123,Rights and privileges,ius Romanum
Hanson2016_1125,Colonia,
Hanson2016_1125,Rights and privileges,ius Romanum
Hanson2016_1126,Metropolis capital,
Hanson2016_1126,Provincial capital,
Hanson2016_1128,Metropolis capital,
Hanson2016_1128,Provincial capital,
Hanson2016_1128,Rights and privileges,libera?
Hanson2016_1133,Rights and privileges,libera
Hanson2016_1136,Metropolis capital,
Hanson2016_1140,Metropolis capital,
Hanson2016_1142,Rights and privileges,libera
Hanson2016_1144,Colonia,
Hanson2016_1146,Rights and privileges,libera
Hanson2016_1147,Rights and privileges,libera
Hanson2016_1148,Rights and privileges,libera
Hanson2016_1149,Metropolis capital,
Hanson2016_1150,Colonia,
Hanson2016_1150,Colonia,
Hanson2016_1150,Rights and privileges,ius Romanum
Hanson2016_1150,Rights and privileges,ius Romanum
Hanson2016_1151,Colonia,
Hanson2016_1151,Colonia,
Hanson2016_1151,Rights and privileges,ius Italicum
Hanson2016_1151,Rights and privileges,ius Romanum
Hanson2016_1151,Rights and privileges,ius Romanum
Hanson2016_1152,Colonia,
Hanson2016_1152,Colonia,
Hanson2016_1152,Rights and privileges,ius Italicum
Hanson2016_1152,Rights and privileges,ius Romanum
Hanson2016_1152,Rights and privileges,ius Romanum
Hanson2016_1153,Colonia,
Hanson2016_1153,Rights and privileges,ius Italicum
Hanson2016_1153,Rights and privileges,ius Romanum
Hanson2016_1153,Rights and privileges,libera
Hanson2016_1157,Colonia,
Hanson2016_1158,Colonia,
Hanson2016_1158,Colonia,
Hanson2016_1158,Rights and privileges,ius Romanum
Hanson2016_1158,Rights and privileges,ius Romanum
Hanson2016_1159,Colonia,
Hanson2016_1159,Colonia,
Hanson2016_1159,Rights and privileges,ius Italicum
Hanson2016_1159,Rights and privileges,ius Romanum
Hanson2016_1159,Rights and privileges,ius Romanum
Hanson2016_1160,Colonia,
Hanson2016_1160,Municipium,
Hanson2016_1160,Municipium,
Hanson2016_1160,Rights and privileges,ius Latii?
Hanson2016_1160,Rights and privileges,ius Latii
Hanson2016_1161,Rights and privileges,libera
Hanson2016_1162,Colonia,
Hanson2016_1162,Metropolis capital,
Hanson2016_1162,Provincial capital,
Hanson2016_1162,Rights and privileges,libera
Hanson2016_1164,Municipium,
Hanson2016_1165,Colonia,
Hanson2016_1165,Colonia,
Hanson2016_1165,Rights and privileges,ius Romanum
Hanson2016_1166,Colonia,
Hanson2016_1167,Colonia,
Hanson2016_1167,Municipium,
Hanson2016_1168,Colonia,
Hanson2016_1169,Colonia,
Hanson2016_1169,Rights and privileges,ius Romanum
Hanson2016_1170,Municipium,
Hanson2016_1171,Colonia,
Hanson2016_1171,Colonia,
Hanson2016_1172,Colonia,
Hanson2016_1172,Municipium,
Hanson2016_1173,Colonia,
Hanson2016_1173,Rights and privileges,ius Romanum
Hanson2016_1174,Colonia,
Hanson2016_1174,Colonia,
Hanson2016_1174,Colonia,
Hanson2016_1174,Rights and privileges,ius Latii
Hanson2016_1175,Colonia,
Hanson2016_1175,Rights and privileges,ius Romanum
Hanson2016_1176,Colonia,
Hanson2016_1176,Colonia,
Hanson2016_1176,Provincial capital,
Hanson2016_1177,Municipium,
Hanson2016_1178,Municipium,
Hanson2016_1179,Colonia,
Hanson2016_1179,Colonia,
Hanson2016_1179,Colonia,
Hanson2016_1179,Rights and privileges,foederata
Hanson2016_1181,Colonia,
Hanson2016_1182,Municipium,
Hanson2016_1182,Rights and privileges,ius Latii?
Hanson2016_1183,Colonia,
Hanson2016_1183,Municipium,
Hanson2016_1183,Rights and privileges,libera
Hanson2016_1184,Municipium,
Hanson2016_1185,Colonia,
Hanson2016_1185,Municipium,
Hanson2016_1185,Rights and privileges,ius Romanum
Hanson2016_1186,Colonia,
Hanson2016_1186,Rights and privileges,ius Romanum
Hanson2016_1187,Colonia,
Hanson2016_1187,Municipium,
Hanson2016_1188,Colonia,
Hanson2016_1188,Municipium,
Hanson2016_1189,Colonia,
Hanson2016_1189,Rights and privileges,ius Romanum
Hanson2016_1190,Colonia,
Hanson2016_1190,Municipium,
Hanson2016_1191,Colonia,
Hanson2016_1192,Municipium,
Hanson2016_1192,Rights and privileges,ius Latii?
Hanson2016_1193,Colonia,
Hanson2016_1193,Colonia?,
Hanson2016_1193,Municipium,
Hanson2016_1193,Rights and privileges,ius Latii
Hanson2016_1194,Colonia,
Hanson2016_1194,Rights and privileges,ius Romanum
Hanson2016_1195,Colonia,
Hanson2016_1195,Municipium,
Hanson2016_1195,Rights and privileges,libera et immunis
Hanson2016_1196,Colonia,
Hanson2016_1196,Municipium,
Hanson2016_1196,Rights and privileges,ius Romanum
Hanson2016_1197,Colonia,
Hanson2016_1197,Colonia,
Hanson2016_1197,Rights and privileges,ius Romanum
Hanson2016_1198,Colonia,
Hanson2016_1199,Colonia,
Hanson2016_1200,Colonia,
Hanson2016_1200,Municipium,
Hanson2016_1201,Colonia,
Hanson2016_1201,Rights and privileges,ius Romanum
Hanson2016_1202,Colonia,
Hanson2016_1202,Municipium,
Hanson2016_1202,Provincial capital,
Hanson2016_1202,Rights and privileges,ius Romanum?
Hanson2016_1202,Rights and privileges,ius Latii?
Hanson2016_1203,Colonia,
Hanson2016_1203,Municipium,
Hanson2016_1203,Provincial capital,
Hanson2016_1203,Rights and privileges,ius Romanum?
Hanson2016_1203,Rights and privileges,ius Latii?
Hanson2016_1204,Colonia,
Hanson2016_1204,Rights and privileges,ius Romanum
Hanson2016_1206,Municipium,
Hanson2016_1208,Colonia?,
Hanson2016_1210,Municipium,
Hanson2016_1211,Municipium,
Hanson2016_1213,Colonia,
Hanson2016_1214,Metropolis capital,
Hanson2016_1214,Provincial capital,
Hanson2016_1215,Municipium,
Hanson2016_1216,Municipium,
Hanson2016_1217,Municipium,
Hanson2016_1218,Colonia,
Hanson2016_1218,Municipium,
Hanson2016_1219,Municipium,
Hanson2016_1220,Municipium,
Hanson2016_1221,Municipium,
Hanson2016_1222,Colonia,
Hanson2016_1223,Municipium?,
Hanson2016_1224,Colonia,
Hanson2016_1225,Colonia,
Hanson2016_1225,Municipium,
Hanson2016_1226,Municipium,
Hanson2016_1227,Colonia,
Hanson2016_1227,Provincial capital,
Hanson2016_1228,Municipium,
Hanson2016_1229,Municipium,
Hanson2016_1230,Municipium,
Hanson2016_1231,Colonia,
Hanson2016_1231,Municipium,
Hanson2016_1232,Municipium,
Hanson2016_1233,Municipium,
Hanson2016_1234,Colonia,
Hanson2016_1234,Municipium,
Hanson2016_1235,Colonia,
Hanson2016_1235,Municipium,
Hanson2016_1235,Provincial capital,
Hanson2016_1236,Conventus capital?,
Hanson2016_1236,Municipium,
Hanson2016_1237,Colonia,
Hanson2016_1237,Municipium,
Hanson2016_1237,Provincial capital,
Hanson2016_1238,Colonia,ius Italicum
Hanson2016_1238,Municipium,
Hanson2016_1239,Colonia,
Hanson2016_1240,Colonia,
Hanson2016_1240,Rights and privileges,ius Romanum
Hanson2016_1240,Rights and privileges,libera
Hanson2016_1241,Colonia,
Hanson2016_1241,Municipium,
Hanson2016_1241,Rights and privileges,libera
Hanson2016_1242,Colonia,
Hanson2016_1242,Municipium,
Hanson2016_1243,Colonia,
Hanson2016_1243,Colonia,
Hanson2016_1243,Colonia,
Hanson2016_1243,Rights and privileges,foederata
Hanson2016_1244,Colonia,
Hanson2016_1244,Colonia,
Hanson2016_1244,Colonia,
Hanson2016_1244,Provincial capital,
Hanson2016_1244,Rights and privileges,ius Italicum
Hanson2016_1244,Rights and privileges,ius Latii
Hanson2016_1245,Municipium,
Hanson2016_1246,Colonia,
Hanson2016_1246,Municipium,
Hanson2016_1246,Rights and privileges,ius Romanum
Hanson2016_1246,Rights and privileges,libera
Hanson2016_1246,Rights and privileges,ius Latii?
Hanson2016_1247,Colonia,
Hanson2016_1247,Municipium,
Hanson2016_1247,Provincial capital,
Hanson2016_1248,Municipium,
Hanson2016_1249,Colonia,
Hanson2016_1250,Colonia,
Hanson2016_1251,Municipium,
Hanson2016_1252,Municipium,
Hanson2016_1252,Rights and privileges,ius Latii?
Hanson2016_1253,Colonia,
Hanson2016_1253,Colonia,
Hanson2016_1253,Colonia,
Hanson2016_1253,Rights and privileges,foederata
Hanson2016_1253,Rights and privileges,ius Romanum
Hanson2016_1253,Rights and privileges,libera
Hanson2016_1254,Colonia,
Hanson2016_1254,Rights and privileges,ius Romanum
Hanson2016_1255,Colonia,
Hanson2016_1255,Municipium?,
Hanson2016_1255,Rights and privileges,ius Latii?
Hanson2016_1255,Rights and privileges,ius Romanum
Hanson2016_1255,Rights and privileges,libera
Hanson2016_1256,Colonia,
Hanson2016_1256,Colonia,
Hanson2016_1256,Colonia?,
Hanson2016_1256,Rights and privileges,ius Romanum
Hanson2016_1256,Rights and privileges,ius Romanum
Hanson2016_1257,Municipium,
Hanson2016_1258,Colonia,
Hanson2016_1259,Colonia,
Hanson2016_1260,Colonia,
Hanson2016_1260,Municipium,
Hanson2016_1261,Colonia,
Hanson2016_1261,Colonia,
Hanson2016_1261,Rights and privileges,libera
Hanson2016_1261,Rights and privileges,ius Romanum
Hanson2016_1262,Colonia,
Hanson2016_1262,Municipium,
Hanson2016_1263,Colonia,
Hanson2016_1263,Rights and privileges,libera
Hanson2016_1265,Colonia,
Hanson2016_1265,Municipium,
Hanson2016_1265,Rights and privileges,ius Latii?
Hanson2016_1265,Rights and privileges,libera
Hanson2016_1266,Municipium,
Hanson2016_1267,Colonia,
Hanson2016_1267,Municipium,
Hanson2016_1267,Provincial capital,
Hanson2016_1268,Colonia,
Hanson2016_1268,Municipium,
Hanson2016_1269,Colonia,
Hanson2016_1269,Municipium,
Hanson2016_1270,Colonia,
Hanson2016_1270,Municipium,
Hanson2016_1271,Municipium,
Hanson2016_1272,Colonia,
Hanson2016_1273,Colonia,
Hanson2016_1274,Municipium,
Hanson2016_1275,Municipium,
Hanson2016_1276,Colonia,
Hanson2016_1278,Colonia,
Hanson2016_1278,Municipium,
Hanson2016_1278,Provincial capital,
Hanson2016_1279,Colonia?,
Hanson2016_1279,Municipium,
Hanson2016_1280,Municipium,
Hanson2016_1281,Municipium,
Hanson2016_1282,Colonia,
Hanson2016_1282,Provincial capital,
Hanson2016_1283,Municipium,
Hanson2016_1284,Colonia,
Hanson2016_1284,Colonia,
Hanson2016_1285,Municipium,
Hanson2016_1286,Municipium,
Hanson2016_1287,Municipium?,
Hanson2016_1288,Civitas capital,
Hanson2016_1288,Municipium,
Hanson2016_1288,Provincial capital,
Hanson2016_1289,Municipium?,
Hanson2016_1290,Colonia,
Hanson2016_1290,Municipium,
Hanson2016_1290,Provincial capital,
Hanson2016_1291,Municipium,
Hanson2016_1292,Rights and privileges,stipendiaria
Hanson2016_1293,Rights and privileges,ius Latii
Hanson2016_1294,Colonia,
Hanson2016_1294,Conventus capital,
Hanson2016_1294,Municipium,
Hanson2016_1294,Rights and privileges,decumana
Hanson2016_1294,Rights and privileges,ius Latii?
Hanson2016_1295,Rights and privileges,stipendiaria
Hanson2016_1296,Municipium,
Hanson2016_1296,Rights and privileges,decumana
Hanson2016_1297,Municipium?,
Hanson2016_1298,Colonia,
Hanson2016_1298,Rights and privileges,decumana
Hanson2016_1298,Rights and privileges,foederata
Hanson2016_1298,Rights and privileges,ius Romanum
Hanson2016_1299,Colonia,
Hanson2016_1299,Municipium,
Hanson2016_1299,Rights and privileges,ius Latii
Hanson2016_1299,Rights and privileges,libera et immunis
Hanson2016_1300,Municipium,
Hanson2016_1301,Municipium,
Hanson2016_1301,Rights and privileges,decumana
Hanson2016_1301,Rights and privileges,libera et immunis
Hanson2016_1302,Municipium,
Hanson2016_1303,Municipium,
Hanson2016_1303,Rights and privileges,libera et immunis
Hanson2016_1303,Rights and privileges,stipendiaria
Hanson2016_1303,Rights and privileges,ius Latii?
Hanson2016_1304,Municipium,
Hanson2016_1304,Rights and privileges,decumana
Hanson2016_1304,Rights and privileges,ius Latii?
Hanson2016_1306,Rights and privileges,decumana
Hanson2016_1307,Colonia,
Hanson2016_1307,Rights and privileges,decumana
Hanson2016_1307,Rights and privileges,ius Romanum
Hanson2016_1308,Municipium?,
Hanson2016_1309,Colonia,
Hanson2016_1309,Conventus capital,
Hanson2016_1309,Municipium,
Hanson2016_1309,Rights and privileges,ius Latii?
Hanson2016_1310,Municipium,
Hanson2016_1310,Rights and privileges,ius Latii?
Hanson2016_1311,Municipium,
Hanson2016_1312,Municipium,
Hanson2016_1312,Rights and privileges,ius Latii?
Hanson2016_1312,Rights and privileges,foederata
Hanson2016_1314,Municipium?,
Hanson2016_1315,Municipium,
Hanson2016_1315,Rights and privileges,foederata
Hanson2016_1315,Rights and privileges,ius Latii
Hanson2016_1316,Colonia,
Hanson2016_1316,Conventus capital,
Hanson2016_1316,Municipium,
Hanson2016_1316,Rights and privileges,libera et immunis
Hanson2016_1316,Rights and privileges,ius Romanum
Hanson2016_1317,Rights and privileges,stipendiaria
Hanson2016_1318,Municipium,
Hanson2016_1318,Rights and privileges,libera et immunis
Hanson2016_1319,Municipium,
Hanson2016_1319,Rights and privileges,decumana
Hanson2016_1320,Colonia,
Hanson2016_1320,Conventus capital,
Hanson2016_1320,Provincial capital,
Hanson2016_1320,Rights and privileges,ius Romanum
Hanson2016_1321,Colonia,
Hanson2016_1321,Municipium,
Hanson2016_1321,Rights and privileges,ius Romanum
Hanson2016_1322,Colonia,
Hanson2016_1322,Rights and privileges,decumana?
Hanson2016_1322,Rights and privileges,ius Romanum
Hanson2016_1323,Colonia,
Hanson2016_1324,Colonia,
Hanson2016_1324,Metropolis capital,
Hanson2016_1324,Provincial capital,
Hanson2016_1324,Rights and privileges,libera
Hanson2016_1325,Conventus capital,
Hanson2016_1325,Metropolis capital,
Hanson2016_1328,Colonia,
Hanson2016_1329,Municipium,
Hanson2016_1331,Colonia,
Hanson2016_1331,Rights and privileges,ius Romanum
Hanson2016_1331,Rights and privileges,libera
Hanson2016_1334,City of the Syrian Decapolis,
Hanson2016_1334,Colonia,
Hanson2016_1334,Metropolis capital,
Hanson2016_1334,Rights and privileges,libera
Hanson2016_1335,Colonia,
Hanson2016_1335,Metropolis capital?,
Hanson2016_1335,Rights and privileges,ius Italicum
Hanson2016_1337,Colonia,
Hanson2016_1337,Colonia?,
Hanson2016_1337,Rights and privileges,ius Italicum
Hanson2016_1337,Rights and privileges,ius Romanum
Hanson2016_1337,Rights and privileges,ius Romanum
Hanson2016_1338,Colonia,
Hanson2016_1338,Metropolis capital,
Hanson2016_1338,Provincial capital,
Hanson2016_1338,Rights and privileges,libera
Hanson2016_1340,Metropolis capital,
Hanson2016_1340,Rights and privileges,ius Italicum
Hanson2016_1340,Rights and privileges,libera
Hanson2016_1342,City of the Syrian Decapolis,
Hanson2016_1342,Conventus capital,
Hanson2016_1342,Metropolis capital,
Hanson2016_1342,Rights and privileges,libera
Hanson2016_1344,Rights and privileges,libera
Hanson2016_1345,Colonia,
Hanson2016_1345,Metropolis capital?,
Hanson2016_1345,Rights and privileges,foederata
Hanson2016_1345,Rights and privileges,libera
Hanson2016_1346,Conventus capital,
Hanson2016_1346,Metropolis capital,
Hanson2016_1347,Colonia,
Hanson2016_1347,Metropolis capital,
Hanson2016_1347,Provincial capital,
Hanson2016_1347,Rights and privileges,foederata
Hanson2016_1347,Rights and privileges,ius Italicum
Hanson2016_1347,Rights and privileges,libera
Hanson2016_1349,Colonia,
Hanson2016_1349,Rights and privileges,immunis
Hanson2016_1352,Rights and privileges,libera
Hanson2016_1352,Rights and privileges,libera
Hanson2016_1353,Colonia,
Hanson2016_1353,Rights and privileges,libera
Hanson2016_1355,Colonia,
Hanson2016_1355,Metropolis capital,
Hanson2016_1355,Provincial capital,
Hanson2016_1355,Rights and privileges,immunis
Hanson2016_1356,Rights and privileges,libera
Hanson2016_1357,Municipium,
Hanson2016_1357,Rights and privileges,ius Italicum
Hanson2016_1358,Metropolis capital,
Hanson2016_1359,Colonia,
Hanson2016_1360,Colonia,
Hanson2016_1362,Colonia,
Hanson2016_1362,Colonia,
Hanson2016_1363,City of the Syrian Decapolis,
Hanson2016_1363,Colonia?,
Hanson2016_1363,Rights and privileges,libera
Hanson2016_1365,Colonia,
Hanson2016_1365,Colonia,
Hanson2016_1366,City of the Syrian Decapolis,
Hanson2016_1366,Metropolis capital,
Hanson2016_1367,Provincial capital,
Hanson2016_1368,Colonia,
Hanson2016_1368,Provincial capital,
Hanson2016_1368,Rights and privileges,libera
Hanson2016_1369,Rights and privileges,libera
Hanson2016_1370,Rights and privileges,libera
Hanson2016_1372,Colonia,
Hanson2016_1373,Rights and privileges,libera
Hanson2016_1375,Rights and privileges,foederata
Hanson2016_1375,Rights and privileges,libera
Hanson2016_1377,Colonia,
Hanson2016_1377,Rights and privileges,libera
Hanson2016_1379,Colonia,
Hanson2016_1381,Colonia,
Hanson2016_1381,Metropolis capital,
Hanson2016_1381,Provincial capital,
Hanson2016_1381,Rights and privileges,ius Romanum
Hanson2016_1382,Rights and privileges,libera
Hanson2016_1383,Municipium?,
Hanson2016_1384,Rights and privileges,
Hanson2016_1385,Colonia,
Hanson2016_1385,Metropolis capital,
Hanson2016_1385,Provincial capital,
Hanson2016_1386,Rights and privileges,libera
Hanson2016_1387,Colonia,
Hanson2016_1387,Rights and privileges,
