province,urban_context_city,n,mean_date_range,mean_date_range_bca_lo,mean_date_range_bca_hi,mean_date_range_pct_lo,mean_date_range_pct_hi,median_date_range,median_date_range_bca_lo,median_date_range_bca_hi,median_date_range_pct_lo,median_date_range_pct_hi,latitude_null_rate,longitude_null_rate,not_before_null_rate,not_after_null_rate
Roma,Roma,65382,107.388822611728,106.8730831880334,107.9056089596525,,,100.0,100.0,100.0,,,0.0,0.0,0.0,0.0
Latium et Campania / Regio I,Pompeii,4507,48.639227867761264,47.59031014678723,49.65257690516346,,,79.0,,,,,0.0,0.0,0.0,0.0
Hispania citerior,,3555,103.64135021097046,100.9210225551764,106.42056236077687,,,100.0,,,,,0.0,0.0,0.0,0.0
Britannia,,3525,129.95602836879434,126.72895680570603,132.88454690156038,,,140.0,125.0,150.0,,,0.0,0.0,0.0,0.0
Dalmatia,Salona,3463,185.5102512272596,181.95924253437542,189.02713964063594,,,150.0,,,,,0.0,0.0,0.0,0.0
Germania inferior,,2854,119.1885073580939,116.05166911065287,122.02861375296924,,,100.0,,,,,0.0,0.0,0.0,0.0
Latium et Campania / Regio I,Ostia,2641,74.11170011359333,72.15976474369717,76.20321153910618,,,80.0,,,,,0.0,0.0,0.0,0.0
Pannonia inferior,,2614,84.4150726855394,81.65226323245015,87.4796700138606,,,60.0,,,,,0.0,0.0,0.0,0.0
Germania superior,Mogontiacum,2396,51.525041736227045,49.471382323787786,53.51281698020934,,,28.0,,,,,0.0,0.0,0.0,0.0
Germania superior,,2387,112.88563049853373,109.35853920120809,116.28702467738543,,,100.0,,,,,0.0,0.0,0.0,0.0
Noricum,,2125,137.14917647058823,132.85834991431096,141.65235198013661,,,100.0,,,,,0.0,0.0,0.0,0.0
Venetia et Histria / Regio X,Aquileia,2034,93.14601769911505,91.04934568166796,95.34804066153089,,,100.0,,,,,0.0,0.0,0.0,0.0
Latium et Campania / Regio I,Puteoli,1780,92.52640449438202,90.45388269780925,94.63897022276537,,,100.0,,,,,0.0,0.0,0.0,0.0
Pannonia superior,Carnuntum (1),1637,149.4257788637752,144.2369343958062,154.63682431025137,,,130.0,,,,,0.0,0.0,0.0,0.0
Dalmatia,,1603,164.34123518402996,158.95074248589367,170.4206199401391,,,150.0,,,,,0.0,0.0,0.0,0.0
Dacia,,1532,81.5985639686684,78.36862974665175,84.87572329962757,,,70.0,,,,,0.0,0.0,0.0,0.0
Numidia,,1443,86.94455994455994,85.16136995822843,88.71539847847282,,,100.0,,,,,0.0,0.0,0.0,0.0
Latium et Campania / Regio I,,1323,83.82464096749811,81.46031746031746,86.7045641458466,,,79.0,,,,,0.0,0.0,0.0,0.0
Pannonia superior,,1306,115.69678407350689,110.19950595020246,121.42976351199371,,,100.0,,,,,0.0,0.0,0.0,0.0
Baetica,,1184,75.70016891891892,73.13717371803355,78.82609640787541,,,60.0,,,,,0.0,0.0,0.0,0.0
Venetia et Histria / Regio X,,1163,86.24677558039554,83.10291468049616,89.67217476919039,,,100.0,,,,,0.0,0.0,0.0,0.0
Numidia,Cirta,1019,88.99313052011776,86.24795229891794,91.84726222821807,,,60.0,,,,,0.0,0.0,0.0,0.0
Dacia,Porolissum,967,18.451913133402275,16.842300705371734,20.255287193234572,,,6.0,,,,,0.0,0.0,0.0,0.0
Latium et Campania / Regio I,Capua,929,103.54574811625403,99.4584738329458,107.90518715519654,,,100.0,,,,,0.0,0.0,0.0,0.0
Moesia inferior,,919,83.50816104461371,78.72878784991445,88.24169048081266,,,60.0,,,,,0.0,0.0,0.0,0.0
,,910,131.04395604395606,125.37624772397535,136.83463766374575,,,101.0,,,,,0.0,0.0,0.0,0.0
Transpadana / Regio XI,,864,111.30208333333333,107.1802774015109,115.58585016671587,,,100.0,,,,,0.0,0.0,0.0,0.0
Lusitania,,852,90.53051643192488,86.56594693848297,94.21210838615713,,,100.0,,,,,0.0,0.0,0.0,0.0
Dacia,Apulum (2),852,96.51877934272301,92.98687027374854,99.93220793449007,,,100.0,,,,,0.0,0.0,0.0,0.0
Samnium / Regio IV,,816,88.17156862745098,84.99850228358943,91.84408691823262,,,100.0,,,,,0.0,0.0,0.0,0.0
Raetia,,765,109.3045751633987,103.06940547627212,115.55612318778972,,,100.0,,,,,0.0,0.0,0.0,0.0
Africa proconsularis,,751,51.548601864181094,46.65743920024334,57.31896957546587,,,10.0,7.0,14.0,,,0.0,0.0,0.0,0.0
Dacia,Sarmizegetusa,697,99.58536585365853,95.02802327944667,103.4380530133257,,,100.0,,,,,0.0,0.0,0.0,0.0
Transpadana / Regio XI,Mediolanum (Italia (XI Transpadana)),638,145.52664576802508,140.91954797648697,150.53822491662214,,,150.0,,,,,0.0,0.0,0.0,0.0
Apulia et Calabria / Regio II,,623,81.09791332263242,76.77435816567876,86.15487794414106,,,71.0,,,,,0.0,0.0,0.0,0.0
Hispania citerior,Segobriga,593,102.81112984822934,98.22151799740416,108.31490664063922,,,100.0,,,,,0.0,0.0,0.0,0.0
Latium et Campania / Regio I,Misenum,592,98.27533783783784,94.99003367830478,101.58672106792919,,,100.0,,,,,0.0,0.0,0.0,0.0
,Mogontiacum,573,123.55846422338568,115.49991865983202,132.15290849864698,,,100.0,80.0,100.0,,,0.0,0.0,0.0,0.0
Etruria / Regio VII,,566,93.17844522968198,88.12393486837226,98.47405472171161,,,100.0,,,,,0.0,0.0,0.0,0.0
Lusitania,Augusta Emerita,553,78.93490054249548,74.35058712730098,83.33819848135136,,,60.0,50.0,62.0,,,0.0,0.0,0.0,0.0
Sardinia,,551,75.63520871143376,70.71050946520458,82.13078279025851,,,60.0,,,,,0.0,0.0,0.0,0.0
Latium et Campania / Regio I,Herculaneum,524,60.156488549618324,57.43651439971306,62.667569105822565,,,79.0,,,,,0.0,0.0,0.0,0.0
Gallia Narbonensis,,513,53.487329434697855,47.547596023978585,61.62274052234072,,,17.0,,,,,0.0,0.0,0.0,0.0
Baetica,Corduba,509,64.42239685658153,60.688610934567166,68.51620667595441,,,60.0,,,,,0.0,0.0,0.0,0.0
Moesia superior,,498,115.92771084337349,108.22191282845911,124.30021062857901,,,100.0,,,,,0.0,0.0,0.0,0.0
Belgica,,484,110.11363636363636,102.1720870246585,118.59810039574798,,,100.0,,,,,0.0,0.0,0.0,0.0
Apulia et Calabria / Regio II,Brundisium,456,70.31359649122807,67.65824124022438,73.16312027575331,,,60.0,,,,,0.0,0.0,0.0,0.0
Africa proconsularis,Ammaedara,451,126.0,120.34743674392482,130.9676594343909,,,100.0,,,,,0.0,0.0,0.0,0.0
Belgica,Colonia Augusta Treverorum,447,175.72259507829978,167.77786859562192,183.75020885286006,,,200.0,,,,,0.0,0.0,0.0,0.0
Pannonia superior,Brigetio,442,121.93891402714932,113.94940195577442,130.26884217526202,,,100.0,,,,,0.0,0.0,0.0,0.0
Africa proconsularis,Carthago,441,91.22448979591837,86.63735233481053,96.30539162752422,,,100.0,,,,,0.0,0.0,0.0,0.0
Africa proconsularis,Lepcis Magna,425,70.78823529411764,62.279114347088004,87.96344139855321,,,40.0,24.0,50.0,,,0.0,0.0,0.0,0.0
Latium et Campania / Regio I,Neapolis (Italia (I Latium and Campania)),403,114.31265508684864,107.69830613221049,121.0801593700267,,,100.0,,,,,0.0,0.0,0.0,0.0
Sardinia,Caralis,395,100.68354430379746,95.24194374288649,106.63224696415126,,,100.0,,,,,0.0,0.0,0.0,0.0
Latium et Campania / Regio I,Aricia,394,70.6015228426396,64.9147161231887,76.35231102969885,,,50.0,,,,,0.0,0.0,0.0,0.0
Apulia et Calabria / Regio II,Venusia,382,94.53926701570681,89.88625099068241,99.16539752434508,,,100.0,,,,,0.0,0.0,0.0,0.0
Germania superior,Aventicum,380,110.65263157894736,102.60153364397206,119.07105263157895,,,98.0,80.0,100.0,,,0.0,0.0,0.0,0.0
Numidia,Lambaesis,378,32.08994708994709,27.498300810694886,37.65367922675703,,,2.0,,,,,0.0,0.0,0.0,0.0
Pannonia superior,Poetovio,377,134.84350132625994,124.67318207299944,146.15911335790437,,,100.0,,,,,0.0,0.0,0.0,0.0
Hispania citerior,Saguntum,372,101.39516129032258,96.85768361018697,106.21101688928277,,,100.0,,,,,0.0,0.0,0.0,0.0
Venetia et Histria / Regio X,Verona,368,77.0,72.84966681460212,81.67444117522423,,,61.0,,,,,0.0,0.0,0.0,0.0
Noricum,Celeia,363,129.09641873278238,119.4028300518247,139.87443485601977,,,100.0,,,,,0.0,0.0,0.0,0.0
Syria,,359,29.233983286908078,24.833716384350826,34.76803750956821,,,22.0,,,,,0.0,0.0,0.0,0.0
Venetia et Histria / Regio X,Patavium,351,82.76068376068376,78.55607241488809,87.52882284126244,,,100.0,,,,,0.0,0.0,0.0,0.0
Asia,,347,41.05187319884726,33.9203752752224,50.39166881847771,,,10.0,,,,,0.0,0.0,0.0,0.0
Venetia et Histria / Regio X,Tergestum,346,81.24277456647398,76.19303206483966,86.86467065321015,,,100.0,,,,,0.0,0.0,0.0,0.0
Latium et Campania / Regio I,Praeneste,345,88.66376811594203,82.82332741674657,94.17253072461023,,,100.0,,,,,0.0,0.0,0.0,0.0
Aquitani(c)a,Burdigala,333,114.69969969969969,104.4727281942446,125.18635742024445,,,100.0,,,,,0.0,0.0,0.0,0.0
Etruria / Regio VII,Clusium,331,82.05135951661632,77.98480189321015,87.01761720225036,,,90.0,,,,,0.0,0.0,0.0,0.0
Umbria / Regio VI,Asisium,331,87.2296072507553,81.6741975236722,92.51512118061166,,,100.0,,,,,0.0,0.0,0.0,0.0
Mauretania Caesariensis,,319,24.213166144200628,18.958138745486316,31.361476287300878,,,1.0,,,,,0.0,0.0,0.0,0.0
Samnium / Regio IV,Alba Fucentia,317,80.26813880126183,75.94840630937617,84.53822669627255,,,100.0,,,,,0.0,0.0,0.0,0.0
Alpes Cottiae,,316,284.0348101265823,271.3590152550876,295.60900754771603,,,355.0,,,,,0.0,0.0,0.0,0.0
Africa proconsularis,Thugga,307,73.33550488599349,67.45602605863192,79.47905928278988,,,50.0,,,,,0.0,0.0,0.0,0.0
Samnium / Regio IV,Corfinium,306,85.49673202614379,80.52457544231245,91.33660130718954,,,100.0,,,,,0.0,0.0,0.0,0.0
Moesia superior,Viminacium (1),303,117.67986798679868,109.62048546157946,125.00990099009901,,,130.0,,,,,0.0,0.0,0.0,0.0
Aquitani(c)a,,301,125.1827242524917,113.35548172757476,139.29900332225913,,,100.0,,,,,0.0,0.0,0.0,0.0
Apulia et Calabria / Regio II,Aeclanum,301,101.65448504983388,95.55401420595109,108.35814894229111,,,100.0,,,,,0.0,0.0,0.0,0.0
Belgica | Germania superior,Andematunum,295,178.71864406779662,168.59094722248685,189.9560614179788,,,200.0,,,,,0.0,0.0,0.0,0.0
Hispania citerior,Clunia,291,179.89690721649484,169.2632363742306,191.34077417023718,,,100.0,,,,,0.0,0.0,0.0,0.0
Africa proconsularis,Theveste,286,118.37062937062937,109.23540942035258,127.16049722202564,,,100.0,,,,,0.0,0.0,0.0,0.0
Dalmatia,Narona,284,139.5211267605634,128.9180427427978,151.9875645677949,,,129.0,100.0,150.0,,,0.0,0.0,0.0,0.0
Macedonia,Philippi,278,204.9388489208633,192.265632211183,217.42479898486698,,,300.0,,,,,0.0,0.0,0.0,0.0
Pannonia inferior,Sirmium,276,125.56159420289855,114.73983014551173,137.15942028985506,,,100.0,,,,,0.0,0.0,0.0,0.0
Latium et Campania / Regio I,Venafrum,274,88.62408759124088,82.51653174662943,95.38121898419726,,,100.0,,,,,0.0,0.0,0.0,0.0
Apulia et Calabria / Regio II,Beneventum,272,74.38970588235294,68.63659363891809,80.33600552896652,,,70.0,,,,,0.0,0.0,0.0,0.0
Samnium / Regio IV,Amiternum,270,80.21111111111111,74.83379103448907,86.08230807694656,,,70.0,,,,,0.0,0.0,0.0,0.0
Venetia et Histria / Regio X,Altinum,264,69.45454545454545,64.63960220359357,75.43378457747009,,,50.0,,,,,0.0,0.0,0.0,0.0
Latium et Campania / Regio I,Tibur,263,61.90494296577947,55.80479740084907,69.02976415717495,,,50.0,,,,,0.0,0.0,0.0,0.0
Liguria / Regio IX,,259,86.47490347490347,80.16149951781324,93.16371903153127,,,100.0,,,,,0.0,0.0,0.0,0.0
Bruttium et Lucania / Regio III,,259,94.37451737451738,88.11991485676401,100.77750069165205,,,100.0,,,,,0.0,0.0,0.0,0.0
Macedonia,,258,157.52325581395348,144.9942420771994,170.4793056621207,,,150.0,,,,,0.0,0.0,0.0,0.0
Venetia et Histria / Regio X,Concordia,258,73.31395348837209,68.52212741726305,79.27815635190291,,,60.0,,,,,0.0,0.0,0.0,0.0
Latium et Campania / Regio I,Tarracina,258,88.04263565891473,82.61520017325013,93.57437263219865,,,100.0,,,,,0.0,0.0,0.0,0.0
Transpadana / Regio XI,Comum,255,131.93725490196078,124.25323597061134,139.7455256747749,,,100.0,,,,,0.0,0.0,0.0,0.0
Lugudunensis,,252,113.36111111111111,103.83673834441899,122.51368408108029,,,100.0,,,,,0.0,0.0,0.0,0.0
Moesia inferior,Novae (Moesia Inferior),251,99.84860557768924,90.47573812133476,110.43954514699706,,,100.0,,,,,0.0,0.0,0.0,0.0
Etruria / Regio VII,Perusia,247,54.56275303643725,46.611336032388664,64.28825114305886,,,30.0,23.0,42.0,,,0.0,0.0,0.0,0.0
Belgica,Durocortorum,241,137.50207468879668,127.10921366020555,149.1020456102873,,,130.0,,,,,0.0,0.0,0.0,0.0
Alpes Maritimae,Cemelenum,240,168.39166666666668,152.60668265549282,184.7281700961626,,,150.0,,,,,0.0,0.0,0.0,0.0
Latium et Campania / Regio I,Tusculum,237,80.94092827004219,71.84388185654008,89.8451056325567,,,61.0,,,,,0.0,0.0,0.0,0.0
Apulia et Calabria / Regio II,Canusium,236,89.21610169491525,84.18268752983442,95.1328370613068,,,100.0,,,,,0.0,0.0,0.0,0.0
Latium et Campania / Regio I,Cumae,236,67.98728813559322,62.360169491525426,73.84665270332084,,,60.0,,,,,0.0,0.0,0.0,0.0
,Aventicum,229,186.6069868995633,174.486148673933,198.97653386841844,,,180.0,,,,,0.0,0.0,0.0,0.0
Aemilia / Regio VIII,,229,87.0524017467249,79.6056210889845,94.37663840078756,,,100.0,,,,,0.0,0.0,0.0,0.0
Hispania citerior,Carthago Nova,228,51.64473684210526,47.31837850053005,56.99122807017544,,,45.0,,,,,0.0,0.0,0.0,0.0
Britannia,Londinium,228,43.01754385964912,40.03097069784714,48.47157502540064,,,40.0,,,,,0.0,0.0,0.0,0.0
Germania inferior,Colonia Ulpia Traiana,227,122.37885462555066,111.19568612245482,135.60940356550347,,,88.0,,,,,0.0,0.0,0.0,0.0
Germania superior,Vindonissa,224,74.0,66.4459391401029,83.53141802530138,,,70.0,,,,,0.0,0.0,0.0,0.0
Hispania citerior,Tarraco,222,106.92342342342343,99.63201613567824,114.56190338897933,,,100.0,,,,,0.0,0.0,0.0,0.0
Umbria / Regio VI,Ameria,221,95.02262443438914,86.73303243139578,103.89495770667077,,,100.0,,,,,0.0,0.0,0.0,0.0
Samnium / Regio IV,Aesernia,221,115.64253393665159,107.1395838081225,123.3875444685553,,,100.0,,,,,0.0,0.0,0.0,0.0
Etruria / Regio VII,Luna,218,111.26605504587155,100.24488075573703,123.47968343814019,,,100.0,,,,,0.0,0.0,0.0,0.0
Achaia,,209,57.760765550239235,49.59458981449241,69.47644804527074,,,36.0,26.0,44.852181151323975,,,0.0,0.0,0.0,0.0
Samnium / Regio IV,Marruvium,207,86.6328502415459,81.75320778389138,91.77030305266511,,,100.0,,,,,0.0,0.0,0.0,0.0
Apulia et Calabria / Regio II,Luceria,205,77.99512195121952,73.26129236107329,83.30358201831557,,,100.0,,,,,0.0,0.0,0.0,0.0
Latium et Campania / Regio I,Salernum,204,89.76960784313725,83.94134122608918,95.22543514106174,,,100.0,,,,,0.0,0.0,0.0,0.0
Moesia inferior,Tomis,203,92.60098522167488,83.22922682281686,102.67730214045237,,,100.0,,,,,0.0,0.0,0.0,0.0
Raetia,Augusta Vindelicum,202,127.52475247524752,113.30559390633196,142.60469063764725,,,100.0,,,,,0.0,0.0,0.0,0.0
Latium et Campania / Regio I,Formiae,202,86.88118811881188,79.97029702970298,94.28893136424082,,,100.0,,,,,0.0,0.0,0.0,0.0
Belgica | Germania superior,,201,197.044776119403,182.564753754816,209.5873326161456,,,200.0,,,,,0.0,0.0,0.0,0.0
Moesia superior,Scupi,201,111.72139303482587,101.08955223880596,123.78199145593045,,,100.0,,,,,0.0,0.0,0.0,0.0
Venetia et Histria / Regio X,Pola,200,98.675,90.80523087260666,107.17260294996237,,,100.0,,,,,0.0,0.0,0.0,0.0
Galatia,,199,24.804020100502512,17.134717741031995,34.29464770483566,,,3.0,2.0,3.521689260382118,,,0.0,0.0,0.0,0.0
Samnium / Regio IV,Saepinum,198,91.05050505050505,82.85324189825526,99.26206814198267,,,100.0,,,,,0.0,0.0,0.0,0.0
Umbria / Regio VI,Fulginiae,195,66.11794871794872,60.72711236373339,73.24149198974476,,,50.0,,,,,0.0,0.0,0.0,0.0
Umbria / Regio VI,,195,88.22564102564102,78.71862404135021,97.5011624521505,,,100.0,,,,,0.0,0.0,0.0,0.0
Aemilia / Regio VIII,Mutina,194,74.88659793814433,69.2122830545863,80.42787546040292,,,67.5,60.0,100.0,,,0.0,0.0,0.0,0.0
Lugudunensis,Augustodunum,190,121.47368421052632,111.85706022262806,130.94681858304858,,,100.0,,,,,0.0,0.0,0.0,0.0
Aemilia / Regio VIII,Ariminum,181,84.11602209944752,76.12193574313241,92.79325936459563,,,100.0,,,,,0.0,0.0,0.0,0.0
Dacia,Micia,181,85.07734806629834,78.06999956927577,92.76391104377305,,,94.0,,,,,0.0,0.0,0.0,0.0
Samnium / Regio IV,Telesia,180,86.35555555555555,79.78222088604292,94.90285699490154,,,100.0,,,,,0.0,0.0,0.0,0.0
Belgica | Germania superior,Dibio,177,166.0677966101695,153.30925300089353,179.08706888797684,,,150.0,,,,,0.0,0.0,0.0,0.0
Umbria / Regio VI,Mevania,176,69.4034090909091,64.7706194603009,74.62948758829114,,,50.0,,,,,0.0,0.0,0.0,0.0
Gallia Narbonensis,Narbo Martius,175,72.12571428571428,64.696799305966,81.96731153828637,,,50.0,,,,,0.0,0.0,0.0,0.0
Achaia,Patrae,174,179.3505747126437,166.77521045458423,191.49599892237842,,,200.0,,,,,0.0,0.0,0.0,0.0
Samnium / Regio IV,Nursia,174,90.86781609195403,85.14565942517194,97.48850574712642,,,100.0,,,,,0.0,0.0,0.0,0.0
Dacia,Potaissa,173,101.23699421965318,92.59896697893168,109.28228441229942,,,109.0,,,,,0.0,0.0,0.0,0.0
Baetica,Astigi,172,75.6046511627907,69.85025931912985,81.90520980037351,,,60.0,,,,,0.0,0.0,0.0,0.0
Pannonia superior,Emona,166,120.40361445783132,108.14639364638724,133.4788272275473,,,100.0,,,,,0.0,0.0,0.0,0.0
Lugudunensis,Lugdunum,163,57.49079754601227,52.00565520832818,63.77904176411394,,,50.0,,,,,0.0,0.0,0.0,0.0
Apulia et Calabria / Regio II,Tarentum,163,56.15337423312884,51.77914110429448,60.9970908086902,,,50.0,,,,,0.0,0.0,0.0,0.0
Picenum / Regio V,,162,104.30246913580247,93.7943696909411,118.22388108782484,,,100.0,,,,,0.0,0.0,0.0,0.0
Latium et Campania / Regio I,Antium,161,96.28571428571429,87.34716049812104,106.97698631491977,,,100.0,,,,,0.0,0.0,0.0,0.0
Umbria / Regio VI,Spoletium,160,84.4125,76.3375,93.92946432364634,,,90.5,50.0,100.0,,,0.0,0.0,0.0,0.0
Alpes Maritimae,,160,141.7875,123.4234795628506,161.2118795209869,,,100.0,,,,,0.0,0.0,0.0,0.0
Latium et Campania / Regio I,Nomentum,159,93.40880503144655,84.97944713660512,102.1007425974741,,,100.0,,,,,0.0,0.0,0.0,0.0
Samnium / Regio IV,Sulmo,159,105.57232704402516,98.20463578809114,113.42596661764082,,,100.0,,,,,0.0,0.0,0.0,0.0
Africa proconsularis,Sabratha,158,154.99367088607596,139.57168719664705,169.9929000527618,,,200.0,,,,,0.0,0.0,0.0,0.0
Germania inferior,Noviomagus (Germania Inferior),156,115.05128205128206,98.4411818001599,134.69832344379842,,,60.0,,,,,0.0,0.0,0.0,0.0
Bruttium et Lucania / Regio III,Paestum,156,64.48076923076923,57.895119922054604,71.75224570065757,,,60.5,41.0,70.0,,,0.0,0.0,0.0,0.0
Sicilia,,155,125.85161290322581,115.27951177863915,138.1013471165618,,,100.0,,,,,0.0,0.0,0.0,0.0
Umbria / Regio VI,Pisaurum,155,96.08387096774193,86.22613360080084,106.74354830015997,,,100.0,,,,,0.0,0.0,0.0,0.0
Transpadana / Regio XI,Augusta Taurinorum,153,84.77124183006536,76.98276190497899,92.2156862745098,,,100.0,,,,,0.0,0.0,0.0,0.0
Latium et Campania / Regio I,Castrimoenium,152,70.63157894736842,61.0823178199837,80.0895374011632,,,50.0,,,,,0.0,0.0,0.0,0.0
Alpes Cottiae,Segusio,152,115.84210526315789,105.42946450507932,127.84786450912729,,,100.0,,,,,0.0,0.0,0.0,0.0
Latium et Campania / Regio I,Velitrae,151,83.06622516556291,72.98731977884978,93.56619458910929,,,90.0,60.0,100.0,,,0.0,0.0,0.0,0.0
Hispania citerior,Valentia (Hispania Tarraconensis) (1),150,108.52666666666667,99.31549227232064,118.06424198078193,,,100.0,,,,,0.0,0.0,0.0,0.0
Pannonia superior,Scarbantia,149,111.75838926174497,99.4718082325795,124.73261806946002,,,100.0,,,,,0.0,0.0,0.0,0.0
Dalmatia,Burnum,147,138.49659863945578,120.49659863945578,162.12785253693025,,,101.0,71.0,150.0,,,0.0,0.0,0.0,0.0
Sicilia,Catania,147,127.16326530612245,118.31376830207404,135.65986394557822,,,130.0,,,,,0.0,0.0,0.0,0.0
Samnium / Regio IV,Peltuinum,146,87.37671232876713,81.40616427187109,95.20200377013917,,,100.0,,,,,0.0,0.0,0.0,0.0
Germania inferior,Colonia Agrippinensis,145,88.89655172413794,75.66606033345192,102.88329252335313,,,60.0,30.0,100.0,,,0.0,0.0,0.0,0.0
Latium et Campania / Regio I,Nola,144,72.30555555555556,64.59757765595936,81.10690893407691,,,61.0,,,,,0.0,0.0,0.0,0.0
Latium et Campania / Regio I,Surrentum,143,70.8881118881119,65.51835474328169,76.83385452037021,,,70.0,,,,,0.0,0.0,0.0,0.0
Alpes Poeninae,,141,201.10638297872342,180.46151970004982,221.36726800986347,,,300.0,,,,,0.0,0.0,0.0,0.0
Macedonia,Dyrrachium,141,144.645390070922,132.09010955118504,157.3386118232786,,,131.0,,,,,0.0,0.0,0.0,0.0
Latium et Campania / Regio I,Allifae,140,82.82857142857142,73.16278379711264,94.60999226899756,,,75.5,60.0,100.0,,,0.0,0.0,0.0,0.0
,Colonia Augusta Treverorum,140,181.82142857142858,172.85714285714286,188.21428571428572,,,200.0,,,,,0.0,0.0,0.0,0.0
Aegyptus,,139,42.78417266187051,32.40533524920833,61.09326317102894,,,9.0,,,,,0.0,0.0,0.0,0.0
Britannia,Aquae Sulis,138,173.05072463768116,161.61644705199066,183.05617080270503,,,200.0,,,,,0.0,0.0,0.0,0.0
Etruria / Regio VII,Capena,137,94.56204379562044,82.39522889135483,108.685217782401,,,100.0,,,,,0.0,0.0,0.0,0.0
Venetia et Histria / Regio X,Brixia,137,66.64233576642336,56.83211678832116,76.62836039750414,,,50.0,,,,,0.0,0.0,0.0,0.0
Britannia,Luguvalium,137,128.82481751824818,114.92933617033617,143.42512810306707,,,130.0,,,,,0.0,0.0,0.0,0.0
Mauretania Caesariensis,Iol,136,85.72058823529412,74.48095550420572,97.12677192262184,,,100.0,,,,,0.0,0.0,0.0,0.0
Latium et Campania / Regio I,Aquinum,135,98.84444444444445,89.30311848363691,109.37683626197477,,,100.0,,,,,0.0,0.0,0.0,0.0
Dalmatia,Asseria,135,132.57777777777778,119.06685323973363,148.33653485544437,,,150.0,,,,,0.0,0.0,0.0,0.0
Thracia,,135,75.63703703703703,59.0124124318787,98.6302532230332,,,18.0,9.0,45.0,,,0.0,0.0,0.0,0.0
Umbria / Regio VI,Interamna Nahars,135,78.26666666666667,70.88888888888889,86.79326405519303,,,61.0,,,,,0.0,0.0,0.0,0.0
Sardinia,Turris Libisonis,135,125.05925925925926,113.42131670105476,135.65111734162736,,,147.0,100.0,150.0,,,0.0,0.0,0.0,0.0
Samnium / Regio IV,Histonium,134,125.61940298507463,113.74069265961782,138.09178339552125,,,100.0,,,,,0.0,0.0,0.0,0.0
Germania superior,Augusta Raurica,133,118.23308270676692,102.8352288578863,135.14848822609122,,,100.0,,,,,0.0,0.0,0.0,0.0
Asia,Ephesus,132,26.234848484848484,18.641618868176742,37.444240564793546,,,5.0,,,,,0.0,0.0,0.0,0.0
Latium et Campania / Regio I,Lanuvium,131,85.27480916030534,74.0010147796059,98.96946564885496,,,80.0,51.0,100.0,,,0.0,0.0,0.0,0.0
Etruria / Regio VII,Tarquinii,130,102.08461538461539,88.49290360458039,116.22982288917295,,,100.0,,,,,0.0,0.0,0.0,0.0
Pannonia superior,Vindobona,128,95.84375,81.7734375,113.91009056992397,,,65.0,50.0,100.0,,,0.0,0.0,0.0,0.0
Moesia inferior,Oescus,126,75.51587301587301,65.26716194972462,92.5708262348486,,,55.0,50.0,75.0,,,0.0,0.0,0.0,0.0
Pannonia superior,Siscia,126,127.84126984126983,109.17600276006512,152.72144597653303,,,100.0,,,,,0.0,0.0,0.0,0.0
Noricum,Lauriacum,126,102.77777777777777,90.25463485806145,121.27293657445091,,,80.0,,,,,0.0,0.0,0.0,0.0
Britannia,Corstopitum,123,138.34146341463415,123.00756341937031,153.57503823309463,,,163.0,,,,,0.0,0.0,0.0,0.0
Venetia et Histria / Regio X,Ateste,123,87.70731707317073,78.01884604568058,98.26016260162602,,,60.0,,,,,0.0,0.0,0.0,0.0
Latium et Campania / Regio I,Minturnae,123,89.59349593495935,78.04872898099102,102.33851044452376,,,100.0,,,,,0.0,0.0,0.0,0.0
Samnium / Regio IV,Reate,120,97.1,87.54625066156989,107.91517472547781,,,100.0,,,,,0.0,0.0,0.0,0.0
Etruria / Regio VII,Caere,118,82.52542372881356,71.5,94.6362919745035,,,62.5,50.0,100.0,,,0.0,0.0,0.0,0.0
Hispania citerior,Emporiae,118,82.3135593220339,71.96326128695472,96.21957632734683,,,81.0,,,,,0.0,0.0,0.0,0.0
Cappadocia,,118,20.728813559322035,14.89910646879579,31.4851510571685,,,3.0,,,,,0.0,0.0,0.0,0.0
Latium et Campania / Regio I,Ferentinum,117,90.12820512820512,82.02644844830898,98.77108964290004,,,100.0,,,,,0.0,0.0,0.0,0.0
Dacia,Ampelum,116,90.73275862068965,82.18706069389314,99.37715626617383,,,100.0,,,,,0.0,0.0,0.0,0.0
Transpadana / Regio XI,Ticinum,115,97.7304347826087,88.76643296053523,107.22180074057366,,,100.0,,,,,0.0,0.0,0.0,0.0
Dalmatia,Rider,115,148.36521739130436,136.07885694330218,167.2341317283424,,,150.0,,,,,0.0,0.0,0.0,0.0
Pannonia inferior,Mursa,115,110.8695652173913,95.99682288566731,127.73689729529171,,,100.0,,,,,0.0,0.0,0.0,0.0
Picenum / Regio V,Asculum,113,87.070796460177,78.94016239245411,97.27480293962648,,,76.0,58.0,81.0,,,0.0,0.0,0.0,0.0
Dalmatia,Raetinium,113,205.58407079646017,187.88755959098114,227.4590205575777,,,200.0,,,,,0.0,0.0,0.0,0.0
Aemilia / Regio VIII,Bononia,113,114.38053097345133,99.87901159248202,127.61194009821314,,,100.0,,,,,0.0,0.0,0.0,0.0
Africa proconsularis,Simitthus,113,59.53982300884956,50.83456338232253,69.05147644902512,,,50.0,,,,,0.0,0.0,0.0,0.0
Latium et Campania / Regio I,Casinum,113,84.89380530973452,74.50654605832476,95.43374665303487,,,100.0,,,,,0.0,0.0,0.0,0.0
Moesia superior,Singidunum,110,138.74545454545455,123.00636556097919,155.07257655894537,,,133.0,100.0,175.0,,,0.0,0.0,0.0,0.0
Etruria / Regio VII,Rusellae,110,115.12727272727273,102.43636363636364,127.48656317400625,,,100.0,,,,,0.0,0.0,0.0,0.0
Umbria / Regio VI,Iguvium,109,73.04587155963303,66.02001137106019,81.67048889816019,,,50.0,50.0,61.0,,,0.0,0.0,0.0,0.0
Germania superior,Argentoratum,109,93.3211009174312,77.67824757610312,111.95682909933825,,,60.0,30.0,100.0,,,0.0,0.0,0.0,0.0
Moesia superior,Ratiaria,109,95.4862385321101,84.5229357798165,107.38452985765522,,,100.0,,,,,0.0,0.0,0.0,0.0
Dacia,Drobeta,109,88.14678899082568,78.81886393604661,97.6048495865101,,,86.0,73.0,100.0,,,0.0,0.0,0.0,0.0
Hispania citerior,Valeria,106,112.4245283018868,96.88051483280749,130.54716981132074,,,80.5,70.0,100.0,,,0.0,0.0,0.0,0.0
Dalmatia,Malvesia,105,150.95238095238096,135.5142857142857,169.84059862864564,,,150.0,130.0,170.0,,,0.0,0.0,0.0,0.0
Latium et Campania / Regio I,Teanum Sidicinum,104,76.5576923076923,66.7484215395456,88.78199321224128,,,70.0,,,,,0.0,0.0,0.0,0.0
Liguria / Regio IX,Augusta Bagiennorum,103,72.90291262135922,67.23112856856567,79.70558018443826,,,50.0,50.0,60.0,,,0.0,0.0,0.0,0.0
Aquitani(c)a,Anderitum,102,192.9607843137255,172.58615964099045,213.8235294117647,,,220.0,140.0,300.0,,,0.0,0.0,0.0,0.0
Transpadana / Regio XI,Bergomum,101,92.32673267326733,81.82829317161898,102.8168866673856,,,100.0,,,,,0.0,0.0,0.0,0.0
Britannia,Eburacum,101,158.20792079207922,139.65302014853359,177.48362099442681,,,179.0,100.0,200.0,,,0.0,0.0,0.0,0.0
Dalmatia,Doclea,101,179.12871287128712,157.4579115951953,204.1549747780533,,,150.0,,,,,0.0,0.0,0.0,0.0
Samnium / Regio IV,Teate Marrucinorum,99,83.88888888888889,74.93301735933969,96.33741370308277,,,100.0,,,,,0.0,0.0,0.0,0.0
Etruria / Regio VII,Arretium,99,71.11111111111111,59.95125963824525,82.7374611274263,,,60.0,46.0,76.0,,,0.0,0.0,0.0,0.0
Latium et Campania / Regio I,Cales,98,61.714285714285715,53.55788764724123,71.02069173871016,,,50.0,,,,,0.0,0.0,0.0,0.0
Picenum / Regio V,Falerio,97,63.03092783505155,55.07152707116848,72.27061612508054,,,60.0,50.0,80.0,,,0.0,0.0,0.0,0.0
Gallia Narbonensis,Vienna,97,80.82474226804123,70.08347782357917,91.08380916969148,,,80.0,,,,,0.0,0.0,0.0,0.0
Dalmatia,Municipium S,97,160.49484536082474,141.43298969072166,183.69389031676215,,,150.0,130.0,163.32461903000421,,,0.0,0.0,0.0,0.0
Pontus et Bithynia,,96,26.635416666666668,18.521898643674792,39.61931258955667,,,4.0,,,,,0.0,0.0,0.0,0.0
Etruria / Regio VII,Veii,95,81.92631578947369,68.62579872361339,96.76578976656697,,,50.0,,,,,0.0,0.0,0.0,0.0
Aemilia / Regio VIII,Ravenna,94,83.88297872340425,72.50603404291695,96.73264118968402,,,100.0,,,,,0.0,0.0,0.0,0.0
Venetia et Histria / Regio X,Opitergum,94,68.46808510638297,61.96487674868052,74.77228847723934,,,50.0,,,,,0.0,0.0,0.0,0.0
Dalmatia,Aequum,94,158.7659574468085,139.0979242299668,186.0166439596778,,,150.0,,,,,0.0,0.0,0.0,0.0
Dacia,Tibiscum,94,82.97872340425532,71.50175642692565,94.10410765273328,,,80.0,,,,,0.0,0.0,0.0,0.0
Moesia inferior,Montana,93,94.65591397849462,77.71457355963551,115.03203837257738,,,100.0,60.0,100.0,,,0.0,0.0,0.0,0.0
Transpadana / Regio XI,Vercellae,93,124.08602150537635,113.46288301650146,136.58064516129033,,,100.0,,,,,0.0,0.0,0.0,0.0
Picenum / Regio V,Urbs Salvia,93,85.86021505376344,75.29049927818699,97.6670820682784,,,81.0,61.0,100.0,,,0.0,0.0,0.0,0.0
Corsica,Aleria,92,158.81521739130434,133.35409937897515,184.73655978047628,,,114.0,100.0,200.0,,,0.0,0.0,0.0,0.0
Picenum / Regio V,Firmum,91,81.05494505494505,69.14457850629836,96.09558040438259,,,76.0,50.0,100.0,,,0.0,0.0,0.0,0.0
Samnium / Regio IV,Superaequum,91,80.94505494505495,72.43358301757675,92.34032291402313,,,100.0,,,,,0.0,0.0,0.0,0.0
Moesia inferior,Troesmis,91,89.68131868131869,74.025163400948,112.40028044733151,,,61.0,,,,,0.0,0.0,0.0,0.0
Latium et Campania / Regio I,Sora,89,67.56179775280899,60.1862992303769,77.19608449930674,,,61.0,,,,,0.0,0.0,0.0,0.0
Umbria / Regio VI,Carsulae,89,73.24719101123596,63.43759180215407,84.1691788273429,,,51.0,,,,,0.0,0.0,0.0,0.0
Picenum / Regio V,Interamnia Praetuttiorum,88,104.76136363636364,95.60625338509998,114.72452201543918,,,100.0,,,,,0.0,0.0,0.0,0.0
Moesia inferior,Histria,88,72.31818181818181,58.91388624844014,86.81518566811964,,,56.0,40.0,100.0,,,0.0,0.0,0.0,0.0
Latium et Campania / Regio I,Nuceria Alfaterna,88,75.92045454545455,68.74969821813944,84.30968273374964,,,70.0,,,,,0.0,0.0,0.0,0.0
Latium et Campania / Regio I,Fundi,88,77.61363636363636,69.93335739249821,86.5772785588627,,,81.5,61.0,100.0,,,0.0,0.0,0.0,0.0
Venetia et Histria / Regio X,Iulium Carnicum,87,91.2183908045977,79.19819254128893,107.2874505250969,,,51.0,,,,,0.0,0.0,0.0,0.0
Macedonia,Thessalonica,87,148.35632183908046,129.590585248367,168.10758661609722,,,100.0,100.0,200.0,,,0.0,0.0,0.0,0.0
Latium et Campania / Regio I,Abellinum,87,84.74712643678161,71.29885057471265,104.85261111467757,,,70.0,,,,,0.0,0.0,0.0,0.0
Aquitani(c)a,Augusta Auscorum,85,194.21176470588236,166.47440471116926,223.4989867847632,,,150.0,,,,,0.0,0.0,0.0,0.0
Umbria / Regio VI,Ocriculum,85,77.49411764705883,67.38823529411765,91.86801682238716,,,75.0,50.0,100.0,,,0.0,0.0,0.0,0.0
Samnium / Regio IV,Trebula Suffenas,84,113.64285714285714,98.61966051740895,128.62745244991072,,,100.0,,,,,0.0,0.0,0.0,0.0
Umbria / Regio VI,Fanum Fortunae,84,110.16666666666667,99.08605291001318,123.8558814034585,,,100.0,,,,,0.0,0.0,0.0,0.0
Liguria / Regio IX,Dertona,83,130.289156626506,113.87626086689866,149.50456931078003,,,100.0,,,,,0.0,0.0,0.0,0.0
Etruria / Regio VII,Centumcellae,83,124.86746987951807,109.19805584836524,139.98113776586223,,,150.0,100.0,170.0,,,0.0,0.0,0.0,0.0
Aemilia / Regio VIII,Parma,82,86.26829268292683,78.5193249452285,93.77442537024163,,,100.0,,,,,0.0,0.0,0.0,0.0
Achaia,Athenae,81,66.9753086419753,51.839506172839506,84.9028950714594,,,40.0,27.0,81.0,,,0.0,0.0,0.0,0.0
Dacia,Napoca,81,89.48148148148148,78.95875661093834,100.69879299980383,,,100.0,,,,,0.0,0.0,0.0,0.0
Mauretania Tingitana,Volubilis,80,10.25,6.8375,16.362748944780197,,,2.0,,,,,0.0,0.0,0.0,0.0
Apulia et Calabria / Regio II,Herdoniae,79,122.9113924050633,108.66554585367055,138.44303797468353,,,100.0,,,,,0.0,0.0,0.0,0.0
Sardinia,Olbia,78,68.33333333333333,57.22688802116479,81.75641025641026,,,60.0,,,,,0.0,0.0,0.0,0.0
Umbria / Regio VI,Sarsina,78,104.6923076923077,91.9194907191326,117.8256259982567,,,100.0,,,,,0.0,0.0,0.0,0.0
Etruria / Regio VII,Lucus Feroniae,77,51.35064935064935,40.98381209340699,63.70624811480923,,,46.0,28.0,50.0,,,0.0,0.0,0.0,0.0
Alpes Graiae,,77,166.0909090909091,138.7814890046672,191.57142857142858,,,150.0,100.0,230.0,,,0.0,0.0,0.0,0.0
Transpadana / Regio XI,Augusta Praetoria,77,123.83116883116882,110.53805736226089,136.82984096202742,,,100.0,,,,,0.0,0.0,0.0,0.0
Bruttium et Lucania / Regio III,Volcei,77,90.02597402597402,79.61033684033991,101.38619750862084,,,100.0,80.0,100.0,,,0.0,0.0,0.0,0.0
Samnium / Regio IV,Terventum,75,108.33333333333333,95.27620941878038,122.78678480471619,,,100.0,,,,,0.0,0.0,0.0,0.0
Baetica,Urso,75,77.0,68.59288253231509,85.38378389036265,,,100.0,71.0,100.0,,,0.0,0.0,0.0,0.0
Latium et Campania / Regio I,Anagnia,75,86.12,76.8859873694796,96.22970645244925,,,100.0,,,,,0.0,0.0,0.0,0.0
Dalmatia,Aenona,74,186.1216216216216,156.9891125726375,227.08221685818586,,,150.0,,,,,0.0,0.0,0.0,0.0
Latium et Campania / Regio I,Interamna Lirenas,74,122.27027027027027,106.13093881963412,140.42866797349708,,,100.0,,,,,0.0,0.0,0.0,0.0
Mauretania Caesariensis,Sitifis,72,40.166666666666664,26.743743427533794,56.685842723574076,,,2.0,,,,,0.0,0.0,0.0,0.0
Liguria / Regio IX,Albintimilium,71,102.09859154929578,89.7541085993613,115.34346185679618,,,100.0,,,,,0.0,0.0,0.0,0.0
Numidia,Thamugadi,70,13.571428571428571,7.565372805985701,24.214270900746836,,,2.0,,,,,0.0,0.0,0.0,0.0
Umbria / Regio VI,Suasa,70,89.74285714285715,75.69466689571132,108.07550077434098,,,60.5,50.0,100.0,,,0.0,0.0,0.0,0.0
Etruria / Regio VII,Florentia,70,90.8,76.08663727380303,105.87827486133375,,,100.0,,,,,0.0,0.0,0.0,0.0
Alpes Poeninae,Forum Claudii,69,201.69565217391303,176.99326191692688,228.1135452002796,,,221.0,,,,,0.0,0.0,0.0,0.0
Latium et Campania / Regio I,Suessa,69,68.42028985507247,57.529213729083246,81.67950161549602,,,51.0,50.0,80.0,,,0.0,0.0,0.0,0.0
Samnium / Regio IV,Pinna,69,114.89855072463769,100.72463768115944,130.26887197373046,,,100.0,,,,,0.0,0.0,0.0,0.0
Bruttium et Lucania / Regio III,Vibo Valentia,68,94.3970588235294,83.17917377919005,104.89485366634108,,,100.0,,,,,0.0,0.0,0.0,0.0
Samnium / Regio IV,Forum Novum,68,110.6029411764706,97.81469745169296,125.17563119315867,,,100.0,,,,,0.0,0.0,0.0,0.0
Picenum / Regio V,Septempeda,68,68.94117647058823,59.278901623274834,82.42190396943981,,,50.0,,,,,0.0,0.0,0.0,0.0
Venetia et Histria / Regio X,Tarvisium,67,95.76119402985074,83.45726759255918,109.59811823433968,,,100.0,,,,,0.0,0.0,0.0,0.0
Umbria / Regio VI,Sentinum,66,116.0,100.22727272727275,132.40988824940024,,,100.0,,,,,0.0,0.0,0.0,0.0
Moesia superior,Naissus,66,124.22727272727273,104.73619846201566,148.0215034651068,,,100.0,,,,,0.0,0.0,0.0,0.0
Liguria / Regio IX,Alba Pompeia,66,80.10606060606061,69.87878787878788,93.2948113581669,,,60.0,,,,,0.0,0.0,0.0,0.0
Umbria / Regio VI,Urvinum Hortense,65,113.06153846153846,97.76924067732078,128.84615384615384,,,100.0,,,,,0.0,0.0,0.0,0.0
Samnium / Regio IV,Bovianum,65,120.6,106.51503216962614,135.55016361440823,,,100.0,,,,,0.0,0.0,0.0,0.0
,Argentoratum,65,152.41538461538462,127.66191474455576,177.9737555526445,,,100.0,,,,,0.0,0.0,0.0,0.0
Umbria / Regio VI,Urvinum Mataurense,65,80.73846153846154,65.51921345483757,94.95143075563851,,,100.0,,,,,0.0,0.0,0.0,0.0
Transpadana / Regio XI,Novaria,64,93.96875,85.90625,103.64570223508949,,,100.0,,,,,0.0,0.0,0.0,0.0
Latium et Campania / Regio I,Privernum,64,70.71875,59.41262969540349,82.69505924954747,,,55.0,50.0,84.0,,,0.0,0.0,0.0,0.0
Latium et Campania / Regio I,Fabrateria Nova,64,79.875,70.50185311237709,90.2597441172201,,,100.0,,,,,0.0,0.0,0.0,0.0
Pannonia inferior,Sopianae,64,106.84375,87.75331129005305,124.6454275675149,,,100.0,,,,,0.0,0.0,0.0,0.0
Moesia inferior,Tropaeum Traiani,63,85.42857142857143,67.7083207135848,116.08748186033611,,,60.0,50.0,80.0,,,0.0,0.0,0.0,0.0
Venetia et Histria / Regio X,Forum Iulii (X Venetia et Histria),63,88.93650793650794,76.93413491066447,102.5546360204747,,,100.0,,,,,0.0,0.0,0.0,0.0
Lusitania,Caesarobriga,63,91.07936507936508,81.34920634920636,103.61970687913393,,,100.0,,,,,0.0,0.0,0.0,0.0
Venetia et Histria / Regio X,Tridentum,63,136.36507936507937,121.53110434087422,150.4279831466462,,,100.0,,,,,0.0,0.0,0.0,0.0
Galatia,Antiochia (Cappadocia et Galatia),63,30.73015873015873,20.840727085987943,49.66274047041863,,,11.0,3.0,16.0,,,0.0,0.0,0.0,0.0
Africa proconsularis,Hadrumetum,62,128.25806451612902,110.57842119115375,141.09996003840064,,,150.0,,,,,0.0,0.0,0.0,0.0
Umbria / Regio VI,Forum Sempronii,62,126.45161290322581,108.8225806451613,152.89946186499964,,,101.0,,,,,0.0,0.0,0.0,0.0
Sardinia,Sulcis,61,101.09836065573771,85.59814086725373,117.38772193734638,,,100.0,,,,,0.0,0.0,0.0,0.0
Gallia Narbonensis,Nemausus,61,61.377049180327866,44.744265400162135,82.80358235872862,,,40.0,22.0,60.0,,,0.0,0.0,0.0,0.0
Pannonia superior,Mogentiana,60,100.36666666666666,83.57623555413838,122.23691454797401,,,100.0,,,,,0.0,0.0,0.0,0.0
Sardinia,Tharrus,60,102.2,85.48415213816145,120.52503214478084,,,80.0,,,,,0.0,0.0,0.0,0.0
Bruttium et Lucania / Regio III,Regium,60,111.4,93.91439119451924,129.68333333333334,,,100.0,,,,,0.0,0.0,0.0,0.0
Britannia,Corinium Dobunnorum,60,152.18333333333334,126.96228279965318,178.25528675859192,,,200.0,,,,,0.0,0.0,0.0,0.0
Gallia Narbonensis,Arelate,59,64.61016949152543,52.9962471084131,76.16312814588753,,,70.0,,,,,0.0,0.0,0.0,0.0
Mauretania Caesariensis,Auzia,59,6.067796610169491,3.694915254237288,12.531815177671447,,,1.0,,,,,0.0,0.0,0.0,0.0
Moesia inferior,Durostorum,59,109.67796610169492,84.84122802212494,134.3475321782879,,,100.0,,,,,0.0,0.0,0.0,0.0
Latium et Campania / Regio I,Aletrium,58,92.17241379310344,79.74137931034483,105.71358791946578,,,100.0,,,,,0.0,0.0,0.0,0.0
Etruria / Regio VII,Falerii Novi,58,74.01724137931035,58.776625230838384,94.25330881959374,,,53.5,42.0,61.0,,,0.0,0.0,0.0,0.0
Gallia Narbonensis,Cularo,58,92.82758620689656,80.30413376635133,106.93690264529633,,,100.0,,,,,0.0,0.0,0.0,0.0
Sicilia,Himera,58,75.3103448275862,66.36661003880295,84.00003606106381,,,100.0,,,,,0.0,0.0,0.0,0.0
Galatia,Ancyra,58,36.05172413793103,23.086206896551722,52.3058010307942,,,4.5,2.0,13.0,,,0.0,0.0,0.0,0.0
Umbria / Regio VI,Tuder,58,77.89655172413794,63.896551724137936,94.08379669699642,,,54.0,50.0,81.0,,,0.0,0.0,0.0,0.0
Dalmatia,Nedinum,58,157.58620689655172,130.92319312012998,194.12021606476017,,,150.0,,,,,0.0,0.0,0.0,0.0
Samnium / Regio IV,Aequi,57,66.73684210526316,57.63157894736842,77.265152978058,,,50.0,,,,,0.0,0.0,0.0,0.0
Venetia et Histria / Regio X,Bellunum,57,101.10526315789474,85.89473684210526,116.4184549791135,,,100.0,,,,,0.0,0.0,0.0,0.0
Latium et Campania / Regio I,Cereatae,57,94.78947368421052,81.29824561403508,110.35101739364463,,,100.0,,,,,0.0,0.0,0.0,0.0
Latium et Campania / Regio I,Caiatia,57,73.89473684210526,61.98564789341042,91.05862070099445,,,61.0,50.0,100.0,,,0.0,0.0,0.0,0.0
Palaestina,Caesarea Maritima,56,40.42857142857143,26.660714285714285,61.76866306245381,,,14.0,,,,,0.0,0.0,0.0,0.0
Picenum / Regio V,Auximum,55,58.872727272727275,48.29418945137693,73.9926891634102,,,50.0,,,,,0.0,0.0,0.0,0.0
Etruria / Regio VII,Volaterra,55,105.81818181818181,87.77419677951119,123.25454545454545,,,100.0,,,,,0.0,0.0,0.0,0.0
Latium et Campania / Regio I,Gabii,55,65.41818181818182,51.92620584513914,81.52090585082529,,,50.0,,,,,0.0,0.0,0.0,0.0
Liguria / Regio IX,Albingaunum,54,99.0,84.13001770324846,116.73277751217762,,,100.0,,,,,0.0,0.0,0.0,0.0
Noricum,Ovilava,54,112.87037037037037,89.13881500319901,139.75736400325275,,,100.0,,,,,0.0,0.0,0.0,0.0
Hispania citerior,Labitolosa,54,62.27777777777778,53.093660254991924,72.45430440273739,,,50.0,,,,,0.0,0.0,0.0,0.0
Baetica,Parlais,54,55.94444444444444,47.36432420465634,65.22158478172699,,,50.0,,,,,0.0,0.0,0.0,0.0
Dalmatia,Delminium,53,153.28301886792454,123.99253901899453,187.8704502276682,,,150.0,100.0,200.0,,,0.0,0.0,0.0,0.0
Pannonia inferior,Gorsium,53,166.9433962264151,143.82638299496614,190.75471698113208,,,200.0,,,,,0.0,0.0,0.0,0.0
Sardinia,Nora,53,104.15094339622641,82.57762307672542,128.35849056603774,,,80.0,60.0,90.0,,,0.0,0.0,0.0,0.0
Dacia,Romula,53,108.69811320754717,91.08655710885444,124.26686257189232,,,100.0,,,,,0.0,0.0,0.0,0.0
Aemilia / Regio VIII,Placentia,51,94.49019607843137,79.07102963598697,110.79664111890662,,,100.0,,,,,0.0,0.0,0.0,0.0
Apulia et Calabria / Regio II,Egnatia,51,91.52941176470588,78.3529411764706,105.03456808011059,,,100.0,,,,,0.0,0.0,0.0,0.0
Aemilia / Regio VIII,Veleia,50,56.66,43.60164739824785,73.02256325650671,,,40.0,,,,,0.0,0.0,0.0,0.0
Latium et Campania / Regio I,Lavinium,50,60.9,46.74562831608866,77.29559765533881,,,50.0,,,,,0.0,0.0,0.0,0.0
Macedonia,Buthrotum,50,130.38,111.48,149.82356145593934,,,116.0,100.0,150.0,,,0.0,0.0,0.0,0.0
Latium et Campania / Regio I,Atina,50,72.16,57.92,87.62520549571927,,,65.0,,,,,0.0,0.0,0.0,0.0
Syria,Berytus,49,32.12244897959184,20.893704433566377,53.38202664890293,18.28469387755102,48.572448979591826,15.0,13.0,21.091472282650102,11.0,19.0,0.0,0.0,0.0,0.0
Aemilia / Regio VIII,Regium Lepidum,49,87.87755102040816,76.09167457090899,101.71518447947767,75.26377551020408,101.20510204081631,100.0,,,81.0,100.0,0.0,0.0,0.0,0.0
Aegyptus,Diospolis Magna,49,40.3469387755102,20.305793290825967,69.14351183252512,18.652551020408165,65.22500000000001,2.0,1.0,3.0,1.0,2.0,0.0,0.0,0.0,0.0
Umbria / Regio VI,Tuficum,49,74.53061224489795,62.44234574883029,87.45379127823396,61.387244897959185,86.96071428571427,70.0,,,50.0,100.0,0.0,0.0,0.0,0.0
Liguria / Regio IX,Aquae Statiellae,48,103.54166666666667,88.89592605343567,122.78927370518609,87.45677083333334,120.39947916666664,100.0,,,75.0,100.0,0.0,0.0,0.0,0.0
Corsica,,48,182.54166666666666,145.3827687357335,216.3623454162729,148.80885416666666,218.48281249999997,200.0,,,100.0,300.0,0.0,0.0,0.0,0.0
Umbria / Regio VI,Narnia,47,72.80851063829788,60.708489113343376,86.50472133122234,59.912765957446815,86.12925531914892,80.0,50.0,100.0,50.0,100.0,0.0,0.0,0.0,0.0
Africa proconsularis,Macomades,47,100.0,93.68085106382979,106.31914893617021,95.7345744680852,106.31914893617021,100.0,,,100.0,100.0,0.0,0.0,0.0,0.0
Baetica,Italica,47,74.74468085106383,59.88920723670487,92.9227770119736,59.29734042553192,91.68563829787232,60.0,42.0,84.0,42.0,86.0,0.0,0.0,0.0,0.0
Dalmatia,Risinium,46,128.2173913043478,113.54218416929257,143.43478260869566,114.0858695652174,144.17499999999998,140.0,100.0,150.0,100.0,150.0,0.0,0.0,0.0,0.0
Hispania citerior,Ilici,46,115.43478260869566,97.76721456524876,134.65002113545475,96.30271739130434,133.7842391304348,100.0,,,100.0,100.0,0.0,0.0,0.0,0.0
Samnium / Regio IV,Aveia,46,69.67391304347827,59.16674727123711,80.757663978644,58.825543478260876,80.30543478260869,60.5,48.5,100.0,50.0,100.0,0.0,0.0,0.0,0.0
Britannia,Lindum,45,167.04444444444445,132.86539970767407,194.7308836348166,136.06277777777777,195.80444444444444,250.0,,,197.5000000000044,250.0,0.0,0.0,0.0,0.0
Germania superior,Aquae Mattiacorum,45,73.13333333333334,54.62422479250888,95.77777777777777,53.45833333333335,94.13666666666666,50.0,,,30.0,80.0,0.0,0.0,0.0,0.0
Liguria / Regio IX,Industria,45,72.33333333333333,61.49728864159023,85.33377993914745,60.52944444444445,83.98055555555554,75.0,50.0,100.0,50.0,100.0,0.0,0.0,0.0,0.0
Dalmatia,Corinium,45,156.22222222222223,125.2432320078436,201.0910318259773,122.91,196.0244444444444,150.0,,,150.0,150.0,0.0,0.0,0.0,0.0
Bruttium et Lucania / Regio III,Locri,45,106.75555555555556,94.11111111111111,121.19548825394867,94.33222222222221,120.28888888888889,100.0,,,100.0,100.0,0.0,0.0,0.0,0.0
Lusitania,Egitania,45,76.8,65.97256991723282,88.0317095689781,65.77222222222223,88.2722222222222,100.0,,,60.0,100.0,0.0,0.0,0.0,0.0
Palaestina,,45,26.42222222222222,15.801249659174399,47.889826842426146,13.687777777777779,41.13388888888888,11.0,2.0,13.0,2.0,13.0,0.0,0.0,0.0,0.0
Dalmatia,Scardona,45,137.82222222222222,110.74175968593599,177.295135466344,107.68611111111112,171.49277777777775,130.0,100.0,150.0,100.0,150.0,0.0,0.0,0.0,0.0
Samnium / Regio IV,Carseoli,45,85.0,75.65921337404534,91.55830996069169,76.97444444444444,92.4,100.0,,,100.0,100.0,0.0,0.0,0.0,0.0
Picenum / Regio V,Helvia Ricina,45,97.77777777777777,84.28477701013867,115.49021032522091,83.44388888888889,113.38055555555555,100.0,,,78.0,100.0,0.0,0.0,0.0,0.0
Venetia et Histria / Regio X,Vicetia,44,81.70454545454545,65.52146660779131,101.22154670154433,65.06590909090909,100.68465909090908,50.0,,,50.0,100.0,0.0,0.0,0.0,0.0
Germania superior,Noviodunum (Germania Superior),44,118.68181818181819,90.38807297754356,153.62948659546504,88.42954545454546,150.80227272727268,100.0,,,70.0,115.0,0.0,0.0,0.0,0.0
Dalmatia,Albona,43,156.2325581395349,129.91338959952674,183.03260518046847,128.93023255813952,182.9563953488372,150.0,137.0,211.52802752947082,100.0,150.0,0.0,0.0,0.0,0.0
Apulia et Calabria / Regio II,Teanum Apulum,43,65.62790697674419,58.18604651162791,73.80290519008457,58.60406976744186,73.27906976744185,60.0,,,50.0,61.0,0.0,0.0,0.0,0.0
Samnium / Regio IV,Iuvanum,43,76.3953488372093,58.77390174773159,101.74944965252742,56.858139534883726,99.90755813953488,70.0,50.0,100.0,42.0,100.0,0.0,0.0,0.0,0.0
Picenum / Regio V,Ancona,42,75.73809523809524,61.19842363338368,92.09396369638623,61.87857142857143,90.71726190476188,70.5,42.0,100.0,42.0,100.0,0.0,0.0,0.0,0.0
Britannia,Camulodunum,42,203.92857142857142,169.30108849438074,231.15945160250342,171.21309523809524,233.14523809523808,258.0,,,225.0,258.0,0.0,0.0,0.0,0.0
Noricum,Aguntum,42,109.0952380952381,85.39898056264816,135.9452199251967,84.49642857142858,134.19940476190473,100.0,,,100.0,100.0,0.0,0.0,0.0,0.0
Latium et Campania / Regio I,Abella,41,68.48780487804878,54.39268427501519,87.31591647646877,52.19512195121951,84.39207317073169,51.0,50.0,70.0,50.0,71.0,0.0,0.0,0.0,0.0
Latium et Campania / Regio I,Bovillae,41,69.95121951219512,55.546586658476976,86.20075380909765,54.84939024390245,85.24573170731706,78.0,50.0,100.0,50.0,100.0,0.0,0.0,0.0,0.0
Dalmatia,Epidaurum,41,168.2439024390244,141.00148377941915,200.44177332332686,140.7048780487805,197.97560975609755,150.0,,,150.0,150.0,0.0,0.0,0.0,0.0
Transpadana / Regio XI,Laus Pompeia,41,97.3170731707317,83.66244202296632,115.37795813337259,82.53536585365853,111.85731707317072,100.0,,,100.0,100.0,0.0,0.0,0.0,0.0
Sicilia,Lilybaeum,40,59.3,44.575,76.98008242714688,44.424375,76.30125,60.0,,,30.987500000000022,61.0,0.0,0.0,0.0,0.0
Macedonia,Byllis,40,116.325,94.55983701992847,137.5242247635303,93.64812500000001,139.7775,131.0,,,82.5,150.0,0.0,0.0,0.0,0.0
Etruria / Regio VII,Pisae,40,79.5,67.46905128361632,94.03399612805188,66.649375,93.575625,100.0,,,50.0,100.0,0.0,0.0,0.0,0.0
Asia,Pergamum,40,32.925,23.747212641082573,44.925,22.624375,43.37749999999998,22.0,,,7.0,41.0,0.0,0.0,0.0,0.0
Sicilia,Segesta,40,74.4,65.26175080122528,89.50513942060886,64.4975,86.05125,60.0,,,60.0,60.0,0.0,0.0,0.0,0.0
Umbria / Regio VI,Vettona,40,80.05,61.224591683046754,99.64343625508735,61.87125,99.52812499999999,50.0,,,50.0,100.0,0.0,0.0,0.0,0.0
Hispania citerior,Dertosa,40,65.7,52.53600661986581,82.48091006753776,49.823750000000004,81.175,50.0,,,45.5,80.0,0.0,0.0,0.0,0.0
Apulia et Calabria / Regio II,Lupiae,40,88.1,72.80495387318855,105.7987118593499,72.89750000000001,104.25249999999998,100.0,,,55.0,100.0,0.0,0.0,0.0,0.0
Sicilia,Panormus,39,60.53846153846154,41.743589743589745,83.96507546424638,39.87051282051282,82.51410256410256,25.0,3.0,100.0,3.0,100.0,0.0,0.0,0.0,0.0
Dalmatia,Domavium,39,123.56410256410257,96.3052033349353,163.1069661778428,91.35705128205129,157.776282051282,100.0,45.0,130.0,100.0,150.0,0.0,0.0,0.0,0.0
Hispania citerior,Asturica,39,76.38461538461539,62.82426435255663,90.47830423022077,63.05064102564103,90.58974358974359,84.0,50.0,100.0,50.0,100.0,0.0,0.0,0.0,0.0
Baetica,Obulco,39,72.12820512820512,62.92307692307692,81.59858439826915,62.7423076923077,81.2826923076923,60.0,,,60.0,100.0,0.0,0.0,0.0,0.0
Umbria / Regio VI,Sestinum,39,56.07692307692308,42.63320751104125,71.48130754277842,41.51217948717949,70.46474358974358,50.0,22.0,70.0,24.0,70.0,0.0,0.0,0.0,0.0
Latium et Campania / Regio I,Fidenae,39,78.92307692307692,59.8697685718777,100.7058885739814,58.9474358974359,100.18269230769229,80.0,40.0,100.0,40.0,100.0,0.0,0.0,0.0,0.0
Bruttium et Lucania / Regio III,Tegianum,38,82.44736842105263,67.80761404996005,100.11812738190257,66.86776315789473,98.39539473684209,90.0,50.0,100.0,50.0,100.0,0.0,0.0,0.0,0.0
Africa proconsularis,Uthina,38,70.52631578947368,52.88489129175815,88.1285000113098,52.28618421052632,89.47763157894735,100.0,,,20.0,110.0,0.0,0.0,0.0,0.0
Picenum / Regio V,Trea,38,91.5,77.84210526315789,109.03009546312188,76.81513157894736,108.2375,100.0,,,50.0,100.0,0.0,0.0,0.0,0.0
Samnium / Regio IV,Trebula Mutuesca,38,74.07894736842105,60.83724818569111,87.82625481265839,60.603289473684214,87.31644736842104,100.0,,,50.0,100.0,0.0,0.0,0.0,0.0
Arabia,Philadelphia (Syria),38,16.0,5.162011280269041,34.748103354616724,4.313815789473688,31.317763157894724,1.0,,,1.0,1.0,0.0,0.0,0.0,0.0
Noricum,Cetium,38,103.23684210526316,82.84180566143058,130.8421052631579,81.07894736842105,129.0,100.0,,,61.0,100.0,0.0,0.0,0.0,0.0
Mauretania Tingitana,Banasa,37,19.16216216216216,10.589360299471332,36.8693963951473,8.513513513513514,33.108108108108105,4.0,2.0,12.0,2.0,12.0,0.0,0.0,0.0,0.0
Picenum / Regio V,Potentia (Italia (V Picenum)),37,102.48648648648648,84.68132872169573,124.30585455829211,83.5364864864865,123.00405405405404,76.0,76.0,100.0,76.0,100.0,0.0,0.0,0.0,0.0
Arabia,Gerasa,37,14.162162162162161,7.963079369884502,31.470285691037276,6.405405405405405,25.29864864864864,2.0,,,1.0,8.0,0.0,0.0,0.0,0.0
Moesia superior,Ulpiana,37,114.62162162162163,93.8698449905774,143.67360192359962,93.26418918918921,139.16216216216216,100.0,,,70.0,150.0,0.0,0.0,0.0,0.0
Venetia et Histria / Regio X,Cremona,37,92.13513513513513,73.69626444845771,111.0227891801555,74.23783783783784,110.41081081081077,100.0,,,50.0,100.0,0.0,0.0,0.0,0.0
Baetica,Hispalis,36,76.30555555555556,59.3056864011901,97.78971376567165,58.581944444444446,95.19722222222221,60.0,,,50.0,99.0,0.0,0.0,0.0,0.0
Aemilia / Regio VIII,Forum Livii,36,95.41666666666667,78.25230399247067,117.7811930953318,77.10972222222223,114.8625,100.0,,,85.0,100.0,0.0,0.0,0.0,0.0
Aegyptus,Alexandria (Aegyptus),36,20.13888888888889,11.805555555555555,41.073457401070705,10.277083333333335,33.973611111111104,11.0,2.0,14.0,2.0,14.0,0.0,0.0,0.0,0.0
Dalmatia,Magnum,36,178.72222222222223,150.54310925478524,212.32753830698388,147.80555555555554,209.9173611111111,150.0,,,150.0,200.0,0.0,0.0,0.0,0.0
Arabia,,36,44.80555555555556,22.844259969297845,72.80941264058352,22.744444444444454,71.00069444444443,4.0,2.0,13.5,2.0,13.0,0.0,0.0,0.0,0.0
Dalmatia,Tragurium,36,123.02777777777777,100.17427806676454,145.93208763994082,101.19166666666666,146.30555555555554,150.0,,,109.0,150.0,0.0,0.0,0.0,0.0
Lycia et Pamphylia,,36,24.805555555555557,13.833333333333334,44.95436587157361,12.472222222222221,40.72569444444442,10.0,5.0,13.0,4.0,13.0,0.0,0.0,0.0,0.0
Samnium / Regio IV,Angitia,36,67.58333333333333,59.0,76.3689773838464,58.802777777777784,76.55624999999999,55.0,42.0,100.0,42.0,100.0,0.0,0.0,0.0,0.0
Palaestina,Aelia Capitolina,36,116.36111111111111,77.90255592455946,159.94011937233984,75.9701388888889,157.14374999999998,60.0,,,19.0,170.0,0.0,0.0,0.0,0.0
Hispania citerior,Aeso,36,102.72222222222223,83.43127953963892,124.75004795600034,82.80555555555556,124.13958333333332,100.0,,,100.0,100.0,0.0,0.0,0.0,0.0
Liguria / Regio IX,Hasta,36,120.83333333333333,104.44444444444444,138.80432063986456,104.44444444444444,138.88888888888889,100.0,,,100.0,100.0,0.0,0.0,0.0,0.0
Hispania citerior,Baetulo,35,155.94285714285715,121.45568290236082,193.93124229400348,120.62642857142858,192.06571428571422,124.0,100.0,200.0,100.0,200.0,0.0,0.0,0.0,0.0
Germania superior,Arae Flaviae,35,93.54285714285714,73.94824581547176,115.53403215150209,72.11428571428571,115.60071428571428,60.0,,,60.0,130.49999999999727,0.0,0.0,0.0,0.0
Arabia,Bostra,35,17.542857142857144,8.428571428571429,38.67533020546047,6.142857142857143,32.6592857142857,2.0,1.0,8.0,1.0,5.0,0.0,0.0,0.0,0.0
Hispania citerior,Toletum,35,107.02857142857142,89.29004065597297,126.31934414110232,88.85714285714286,125.88857142857141,100.0,,,100.0,100.0,0.0,0.0,0.0,0.0
Hispania citerior,Celsa,35,75.25714285714285,55.82857142857143,106.60402462251722,52.712857142857146,103.3442857142857,55.0,,,50.0,55.0,0.0,0.0,0.0,0.0
Etruria / Regio VII,Ferentum,35,60.65714285714286,45.93960127064635,86.52517172170042,43.62714285714286,82.05785714285715,50.0,,,30.0,56.0,0.0,0.0,0.0,0.0
Apulia et Calabria / Regio II,Rudiae,35,113.42857142857143,94.37992514276695,139.27673566197473,90.99857142857144,137.25785714285715,100.0,,,100.0,100.0,0.0,0.0,0.0,0.0
Baetica,Gades,34,92.88235294117646,79.72135033261492,116.40006568546688,77.08823529411765,112.41617647058821,100.0,,,60.0,100.0,0.0,0.0,0.0,0.0
Belgica,Beda,34,159.14705882352942,119.05931455141109,198.43191993536095,120.40955882352941,197.7058823529412,125.0,70.0,287.5,100.0,300.0,0.0,0.0,0.0,0.0
,Vindonissa,34,94.0,74.1905055218285,129.2219274947698,71.02720588235294,120.85441176470589,100.0,,,70.0,100.0,0.0,0.0,0.0,0.0
Belgica | Germania inferior,,34,131.26470588235293,104.67594284310476,158.35294117647058,104.84558823529413,159.06323529411762,130.0,,,80.0,200.0,0.0,0.0,0.0,0.0
Baetica,Illiberi,33,73.12121212121212,58.34748770703172,88.61325715684762,58.81818181818182,88.06136363636364,60.0,,,50.0,100.0,0.0,0.0,0.0,0.0
Apulia et Calabria / Regio II,Aecae,33,74.21212121212122,57.878787878787875,91.43178960311545,57.211363636363636,91.57651515151515,80.0,,,50.0,100.0,0.0,0.0,0.0,0.0
Etruria / Regio VII,Sutrium,33,112.12121212121212,86.72712734675477,139.44881198211277,86.57121212121213,139.130303030303,100.0,,,53.0,150.0,0.0,0.0,0.0,0.0
Moesia superior,Dard(...),33,105.3030303030303,87.33285187418478,123.41415698684872,85.93712121212121,123.12121212121212,100.0,,,100.0,130.0,0.0,0.0,0.0,0.0
Latium et Campania / Regio I,Signia,33,80.21212121212122,65.28689736894657,93.89524547138443,66.57424242424243,94.87954545454545,100.0,,,50.0,100.0,0.0,0.0,0.0,0.0
Sicilia,Lipara,33,121.27272727272727,96.81818181818181,147.06060606060606,95.39015151515152,145.67424242424238,100.0,42.0,200.0,100.0,200.0,0.0,0.0,0.0,0.0
Lusitania,Olisipo,32,58.71875,41.33120202482078,82.03125,39.4671875,79.03281249999999,50.0,,,20.425000000000132,100.0,0.0,0.0,0.0,0.0
Britannia,Ratae,32,143.78125,113.7753164691461,175.54389642381312,114.62109375,173.97812499999995,100.0,,,100.0,215.0,0.0,0.0,0.0,0.0
Latium et Campania / Regio I,Liternum,32,105.3125,78.46875,140.98664189242805,74.43593750000001,139.03437499999998,90.0,50.0,110.0,50.0,115.0,0.0,0.0,0.0,0.0
Latium et Campania / Regio I,Trebula Balliensis,31,85.19354838709677,65.58115049507337,108.33877077766013,64.70887096774193,107.09677419354838,71.0,51.0,100.0,51.0,100.0,0.0,0.0,0.0,0.0
Baetica,Aurgi,31,89.74193548387096,80.74065316855656,98.09677419354838,80.74112903225806,98.45241935483871,100.0,,,100.0,100.0,0.0,0.0,0.0,0.0
Etruria / Regio VII,Saturnia,31,92.58064516129032,76.099812683419,108.55565241847421,75.7741935483871,108.48467741935484,81.0,61.0,100.0,61.0,121.0,0.0,0.0,0.0,0.0
Etruria / Regio VII,Castrum Novum (Italia (VII Etruria)),31,74.80645161290323,56.88596280604406,97.48042789308778,53.83790322580645,96.29112903225807,80.0,33.0,100.0,33.0,100.0,0.0,0.0,0.0,0.0
Hispania citerior,Lucentum,31,109.16129032258064,89.06723512600131,135.50615829692504,86.83548387096775,131.93870967741933,100.0,,,99.00000000000176,100.0,0.0,0.0,0.0,0.0
Germania superior,Epamanduodurum,31,198.51612903225808,152.8059817064753,237.80791817802418,156.98870967741937,240.4975806451612,300.0,,,100.0,300.0,0.0,0.0,0.0,0.0
Baetica,Iptuci,30,54.233333333333334,44.733333333333334,71.03018500476998,42.66583333333333,68.20083333333334,40.0,,,30.0,59.5,0.0,0.0,0.0,0.0
Numidia,Tiddis,30,97.3,79.12949641173805,116.92621175163464,77.8325,115.58166666666658,100.0,,,100.0,100.0,0.0,0.0,0.0,0.0
Bruttium et Lucania / Regio III,Numistro,30,84.73333333333333,74.93368935165716,93.04857393009809,75.5325,93.26833333333332,100.0,,,75.0,100.0,0.0,0.0,0.0,0.0
Gallia Narbonensis,Ruscino,29,33.241379310344826,23.573763242408685,46.65835852642944,22.688793103448276,45.37931034482759,26.0,7.0,42.0,14.0,46.0,0.0,0.0,0.0,0.0
Picenum / Regio V,Cingulum,29,78.03448275862068,57.83835434393992,105.78536931956882,54.963793103448275,100.94310344827579,50.0,30.0,75.0,50.0,100.0,0.0,0.0,0.0,0.0
Venetia et Histria / Regio X,Mantua,29,72.37931034482759,58.758620689655174,88.41338753045382,57.55172413793103,88.14224137931032,61.0,,,61.0,100.0,0.0,0.0,0.0,0.0
Dalmatia,Absortium,29,182.75862068965517,156.89655172413794,212.06896551724137,153.44827586206895,210.3879310344825,150.0,,,150.0,150.0,0.0,0.0,0.0,0.0
Lusitania,Salmantica,29,97.13793103448276,81.34740024240219,115.58620689655173,79.68793103448276,113.93275862068964,100.0,,,100.0,100.0,0.0,0.0,0.0,0.0
Moesia inferior,Callatis,29,59.89655172413793,38.94115889492977,87.32382218939968,35.58362068965518,85.62155172413793,21.0,13.0,70.0,13.0,70.0,0.0,0.0,0.0,0.0
Roma,,29,86.86206896551724,64.93103448275862,146.33019213207487,59.68534482758621,123.41465517241379,60.0,,,50.0,70.0,0.0,0.0,0.0,0.0
Aquitani(c)a,Vesunna,29,81.58620689655173,58.832216939095694,105.72413793103448,60.241379310344826,106.0060344827586,50.0,40.0,140.0,40.0,100.0,0.0,0.0,0.0,0.0
Latium et Campania / Regio I,Atella,29,77.13793103448276,60.519165871405086,94.78148647770202,60.40862068965518,93.82931034482758,71.0,50.0,100.0,50.0,100.0,0.0,0.0,0.0,0.0
Numidia,Cuicul,29,17.310344827586206,5.022472514002051,59.04524817466182,2.8275862068965516,40.3801724137931,2.0,1.0,5.0,1.0,3.0,0.0,0.0,0.0,0.0
Baetica,Ossigi,29,68.62068965517241,56.89655172413792,86.55172413793103,53.793103448275865,84.48275862068965,60.0,,,40.0,100.0,0.0,0.0,0.0,0.0
Macedonia,Stobi,28,112.60714285714286,89.16049308490831,142.93806948030883,84.82142857142857,141.07232142857143,100.0,,,100.0,140.0,0.0,0.0,0.0,0.0
Umbria / Regio VI,Camerinum,28,72.0,54.369071755285056,93.10671493967519,52.606249999999996,91.5017857142857,65.5,50.0,100.0,50.0,100.0,0.0,0.0,0.0,0.0
Aemilia / Regio VIII,Forum Popili (Italia (VIII Aemilia)),28,70.39285714285714,58.285714285714285,91.85388884661499,56.857142857142854,88.21517857142857,50.0,,,50.0,70.0,0.0,0.0,0.0,0.0
Venetia et Histria / Regio X,Parentium,27,69.25925925925925,52.27484301237414,92.2479944078904,50.03518518518519,88.93240740740737,50.0,,,36.0,100.0,0.0,0.0,0.0,0.0
Barbaricum,,27,97.4074074074074,68.78865592977881,135.22490797809414,66.99907407407407,132.34351851851847,57.0,30.0,100.0,30.0,100.0,0.0,0.0,0.0,0.0
Baetica,Ulia,27,57.074074074074076,44.54457513815078,71.48148148148148,43.70092592592593,70.40833333333333,60.0,40.0,100.0,24.0,100.0,0.0,0.0,0.0,0.0
Sicilia,Syracusae,27,95.11111111111111,69.07104015131623,124.49301672118266,68.32870370370371,122.55833333333332,100.0,,,50.0,100.0,0.0,0.0,0.0,0.0
Lugudunensis,Cabillonum,27,73.37037037037037,55.88374057899778,92.9607414403481,56.25833333333333,90.96296296296296,70.0,50.0,100.0,50.0,100.0,0.0,0.0,0.0,0.0
Latium et Campania / Regio I,Cora,27,84.4074074074074,65.25925925925925,110.53804015930763,63.40648148148148,107.52407407407405,61.0,50.0,100.0,50.0,100.0,0.0,0.0,0.0,0.0
Britannia,Viroconium,27,172.25925925925927,126.72624969951532,212.96296296296296,131.77314814814815,212.7083333333333,250.0,200.0,250.0,100.0,250.0,0.0,0.0,0.0,0.0
Picenum / Regio V,Tolentinum,27,108.11111111111111,84.28229784011376,133.89259362105895,83.70000000000002,133.00185185185185,100.0,,,61.0,100.0,0.0,0.0,0.0,0.0
Thracia,Heraclea (Thracia),27,81.74074074074075,60.71178519551371,107.11024493114341,59.25833333333333,103.29814814814813,100.0,,,24.0,100.0,0.0,0.0,0.0,0.0
Gallia Narbonensis,Tolosa,27,113.4074074074074,84.50744598803573,142.2221136807194,84.03703703703704,145.52592592592586,100.0,30.0,200.0,30.0,200.0,0.0,0.0,0.0,0.0
Etruria / Regio VII,Nepet,27,78.25925925925925,54.888888888888886,106.59259259259261,53.85000000000001,103.29722222222222,50.0,42.0,101.0,42.0,101.0,0.0,0.0,0.0,0.0
Syria,Palmyra,27,28.25925925925926,15.89235634281038,47.67799380829193,14.74074074074074,44.630555555555546,12.0,3.0,30.0,3.0,30.0,0.0,0.0,0.0,0.0
Latium et Campania / Regio I,Sinuessa,27,88.14814814814815,66.37932121603413,112.4506464352812,65.925,111.96296296296296,80.0,50.0,100.0,50.0,100.0,0.0,0.0,0.0,0.0
Gallia Narbonensis,Vasio,27,122.11111111111111,99.14814814814815,153.45315523037038,97.01851851851855,150.00648148148144,100.0,,,100.0,130.0,0.0,0.0,0.0,0.0
Picenum / Regio V,Atria,26,113.34615384615384,89.6605784381016,130.7772190593882,90.22692307692309,133.1153846153846,150.0,,,100.0,150.0,0.0,0.0,0.0,0.0
Umbria / Regio VI,Tifernum Tiberinum,26,71.73076923076923,56.01854579603002,86.73076923076923,55.42211538461538,87.34711538461538,100.0,,,40.0,100.0,0.0,0.0,0.0,0.0
Bruttium et Lucania / Regio III,Grumentum,26,96.73076923076923,68.37114110521131,128.1922383803553,66.18846153846155,126.96346153846153,89.0,50.0,165.0,29.5,165.0,0.0,0.0,0.0,0.0
Britannia,Calleva,26,233.23076923076923,196.55978164105767,257.3076923076923,203.46153846153845,261.2403846153846,258.0,,,258.0,258.0,0.0,0.0,0.0,0.0
Germania superior,Noviomagus (Germania Superior),26,133.6153846153846,114.38461538461539,157.69230769230768,112.37692307692309,155.3096153846154,130.0,,,100.0,150.0,0.0,0.0,0.0,0.0
Aemilia / Regio VIII,Brixellum,26,83.53846153846153,72.36203227213323,94.0179529265391,73.15384615384616,94.26923076923077,100.0,,,60.5,100.0,0.0,0.0,0.0,0.0
Apulia et Calabria / Regio II,Barium,26,86.61538461538461,70.82169217886145,103.85735864562297,69.34423076923076,103.73076923076923,100.0,,,58.0,100.0,0.0,0.0,0.0,0.0
Bruttium et Lucania / Regio III,Petelia,26,74.8076923076923,60.90213779232164,85.8076923076923,62.22884615384616,86.30961538461537,100.0,,,55.0,100.0,0.0,0.0,0.0,0.0
Hispania citerior,Segovia,26,92.34615384615384,77.9559142287951,109.61538461538461,77.0,107.6923076923077,100.0,,,100.0,100.0,0.0,0.0,0.0,0.0
Apulia et Calabria / Regio II,Larinum,25,69.64,48.18479698930656,102.92,45.079,97.841,50.0,15.0,100.0,15.975000000000044,100.0,0.0,0.0,0.0,0.0
Umbria / Regio VI,Matilica,25,107.12,83.78173026738068,130.70003105130684,83.919,130.84,100.0,,,100.0,100.0,0.0,0.0,0.0,0.0
Africa proconsularis,Uchi Maius,25,41.8,23.44,70.67089518273703,21.64,64.96399999999997,6.0,3.0,50.0,2.0,50.0,0.0,0.0,0.0,0.0
Picenum / Regio V,Pausulae,25,81.76,64.27439965196051,104.28797953334515,63.19700000000001,103.12,70.0,50.0,100.0,50.0,100.0,0.0,0.0,0.0,0.0
Lugudunensis,Intaranum,25,168.4,137.6,190.7215074179897,141.6,192.8,200.0,,,200.0,200.0,0.0,0.0,0.0,0.0
Britannia,Glevum,25,159.84,116.95822620634158,196.31180530222983,121.26000000000003,196.9359999999999,200.0,,,50.0,250.0,0.0,0.0,0.0,0.0
Africa proconsularis,Tipasa,25,101.32,72.10811661330405,133.80013952639572,70.637,132.964,100.0,50.0,200.0,36.0,200.0,0.0,0.0,0.0,0.0
Dalmatia,Flanona,25,173.24,143.24,208.0,141.99300000000002,208.0,150.0,,,130.22500000000136,150.0,0.0,0.0,0.0,0.0
Hispania citerior,Palma,24,138.29166666666666,113.86692381238397,165.30504836583657,111.95520833333333,165.00104166666665,151.0,,,100.0,181.0,0.0,0.0,0.0,0.0
Bruttium et Lucania / Regio III,Velia,24,91.79166666666667,77.20833333333333,104.9441412392432,77.45625,106.50208333333332,100.0,,,71.0,100.0,0.0,0.0,0.0,0.0
Mauretania Caesariensis,Tubusuctu,24,76.25,47.25,108.66666666666667,47.25,109.334375,100.0,,,1.0,100.0,0.0,0.0,0.0,0.0
,Arae Flaviae,24,150.20833333333334,120.36707500761078,168.75,125.82291666666669,170.83854166666666,180.0,,,180.0,180.0,0.0,0.0,0.0,0.0
Syria,Heliopolis (Syria),24,15.166666666666666,9.747389627919928,30.79226606158985,8.457291666666668,24.75,15.0,,,6.462500000000066,15.0,0.0,0.0,0.0,0.0
Dalmatia,Arupium,24,160.75,107.04166666666667,258.01671361175136,96.74791666666667,231.46041666666667,130.0,,,100.0,150.0,0.0,0.0,0.0,0.0
Africa proconsularis,Thala,24,112.16666666666667,89.34707734156231,134.90946309735816,88.99583333333334,133.375,130.0,,,60.0,130.0,0.0,0.0,0.0,0.0
Hispania citerior,Bracara,24,130.875,88.85145324511939,179.00571977179527,84.87291666666667,174.96041666666667,100.0,,,45.0,200.0,0.0,0.0,0.0,0.0
Etruria / Regio VII,Cortona,24,113.79166666666667,90.875,140.4293848602385,90.08333333333333,138.37604166666665,100.0,,,65.0,150.0,0.0,0.0,0.0,0.0
Africa proconsularis,Musti,24,46.666666666666664,26.122190929116716,78.70985084490165,24.833333333333332,74.04791666666664,20.0,3.5,50.0,3.0,50.0,0.0,0.0,0.0,0.0
Liguria / Regio IX,Pedona,24,80.54166666666667,68.11595034602786,89.16666666666669,70.125,90.54166666666667,100.0,,,65.0,100.0,0.0,0.0,0.0,0.0
Etruria / Regio VII,Cosa,24,40.0,27.280278694064165,56.57732284340838,26.372916666666672,55.125,24.0,15.0,50.0,20.0,50.0,0.0,0.0,0.0,0.0
Germania superior,Lousonna,24,132.125,98.78012332071171,171.5094915301228,96.08333333333333,168.6677083333333,100.0,,,90.0,200.0,0.0,0.0,0.0,0.0
Mauretania Tingitana,,23,42.391304347826086,25.983011152972743,74.44180168273724,22.91304347826087,65.13152173913043,24.0,13.0,50.0,13.0,50.0,0.0,0.0,0.0,0.0
Bruttium et Lucania / Regio III,Potentia (Italia (III Lucania et Brutii)),23,122.8695652173913,96.08695652173913,150.9358576895665,94.56413043478261,149.95760869565217,100.0,,,70.0,200.0,0.0,0.0,0.0,0.0
Dalmatia,Senia,23,110.82608695652173,84.85640814529006,148.62458458344923,82.08695652173913,142.9717391304347,100.0,50.0,150.0,70.0,150.0,0.0,0.0,0.0,0.0
Macedonia,Neapolis (Macedonia),23,191.91304347826087,132.1951597398975,252.71568768811795,129.30108695652174,255.6315217391303,100.0,75.78710754198258,200.0,100.0,331.0,0.0,0.0,0.0,0.0
Sicilia,Tyndaris,23,86.78260869565217,54.92910881847823,125.79074002960735,52.08260869565218,122.17717391304346,50.0,7.0,200.0,7.0,200.0,0.0,0.0,0.0,0.0
Hispania citerior,Caesaraugusta,23,85.43478260869566,67.04347826086956,121.13037531326556,63.47608695652175,112.34999999999998,100.0,68.0,100.0,50.0,100.0,0.0,0.0,0.0,0.0
Baetica,Iliturgi,23,84.43478260869566,64.58586299395883,108.43478260869566,63.20869565217393,106.9141304347826,100.0,61.0,130.0,60.0,100.0,0.0,0.0,0.0,0.0
Aquitani(c)a,Aquae Tarbellicae,23,237.34782608695653,178.76333390040185,297.67317738728485,174.47391304347826,296.74239130434785,200.0,100.0,400.0,100.0,400.0,0.0,0.0,0.0,0.0
Umbria / Regio VI,Pitinum Pisaurense,23,91.52173913043478,70.31296164902803,114.08695652173913,69.90978260869566,114.04891304347822,100.0,,,100.0,100.0,0.0,0.0,0.0,0.0
Dalmatia,Issa,23,163.1304347826087,131.04343070242098,235.0482760656908,123.69239130434784,214.80652173913032,150.0,,,150.0,150.0,0.0,0.0,0.0,0.0
Germania superior,Sumelocenna,23,104.91304347826087,86.25071723817163,120.86956521739128,87.21739130434783,120.9141304347826,100.0,,,100.0,150.0,0.0,0.0,0.0,0.0
Baetica,Regina,22,73.36363636363636,52.71275197679777,108.74008191809358,49.362500000000004,102.41136363636362,60.0,,,30.0,100.0,0.0,0.0,0.0,0.0
Hispania citerior,Ilerda,22,83.86363636363636,63.03373013721429,118.9090909090909,60.815909090909095,112.41136363636362,85.0,40.99894495884463,100.0,40.0,100.0,0.0,0.0,0.0,0.0
Roma,Tegianum,22,101.63636363636364,80.0,128.81236486582722,77.9090909090909,125.72954545454544,100.0,,,60.0,125.0,0.0,0.0,0.0,0.0
Latium et Campania / Regio I,Arpinum,22,97.5,82.06149583117295,116.92109801202012,81.18181818181819,115.73409090909088,100.0,,,81.0,100.0,0.0,0.0,0.0,0.0
,Noviomagus (Germania Superior),22,195.86363636363637,165.43504198404585,225.4100825400048,165.90454545454546,226.72727272727272,193.0,168.0,240.5,169.9500000000001,270.0,0.0,0.0,0.0,0.0
Dalmatia,Arba,22,138.72727272727272,89.6465075442297,215.84030853527796,80.49545454545455,201.99204545454526,125.0,36.5,150.0,36.5,150.0,0.0,0.0,0.0,0.0
Pannonia superior,Aquae Balissae,22,79.5909090909091,56.96124482519153,114.47205706786282,53.0,108.36931818181814,90.0,40.5,100.0,40.0,100.0,0.0,0.0,0.0,0.0
Africa proconsularis,Sufetula,22,81.13636363636364,49.12631197802622,124.33048690996098,46.58977272727273,117.64431818181814,29.5,8.5,150.0,8.0,150.0,0.0,0.0,0.0,0.0
Pannonia superior,Carnuntum (2),22,75.81818181818181,49.40346742925194,112.98454763114287,46.90568181818182,110.50227272727271,55.0,24.0,100.0,24.0,100.0,0.0,0.0,0.0,0.0
Thracia,Serdica,22,108.36363636363636,69.26094969243677,156.0,65.36136363636363,151.82499999999996,100.0,,,7.0,200.0,0.0,0.0,0.0,0.0
Raetia,Cambodunum,22,145.4090909090909,94.30702666438818,196.1818181818182,99.08863636363637,195.27386363636364,100.0,,,50.0,250.0,0.0,0.0,0.0,0.0
Asia,Sardis,22,78.0,46.16952520044679,126.35218256015972,42.03977272727274,121.64090909090908,32.5,6.0,100.0,6.0,100.0,0.0,0.0,0.0,0.0
Macedonia,Dium,22,124.18181818181819,85.43553874559059,169.23441167331424,82.85795454545455,168.64090909090905,83.0,32.0,200.0,35.0,200.0,0.0,0.0,0.0,0.0
Belgica,Divodurum,21,103.71428571428571,77.47704182800709,132.9246888093013,76.09285714285716,132.48095238095237,100.0,,,60.0,130.0,0.0,0.0,0.0,0.0
Hispania citerior,Ebusus,21,95.04761904761905,69.9047619047619,128.1904761904762,67.71428571428571,124.09761904761905,100.0,,,50.0,100.0,0.0,0.0,0.0,0.0
Samnium / Regio IV,Fagifulae,21,97.9047619047619,66.4487742423482,133.84464147249955,67.3797619047619,130.67023809523806,100.0,,,50.0,100.0,0.0,0.0,0.0,0.0
Syria,Apamea (Syria) (1),21,11.571428571428571,9.137144895763749,13.428571428571429,9.379761904761907,13.478571428571415,14.0,,,14.0,14.0,0.0,0.0,0.0,0.0
Venetia et Histria / Regio X,Feltria,21,80.38095238095238,61.80952380952381,101.65196771954346,61.616666666666674,100.66785714285714,100.0,,,50.0,100.0,0.0,0.0,0.0,0.0
Dalmatia,Ansium,21,195.95238095238096,145.2387949422319,278.242841108485,134.2797619047619,263.5892857142856,150.0,,,150.0,200.0,0.0,0.0,0.0,0.0
Bruttium et Lucania / Regio III,Copia,20,71.15,53.238985188994164,88.44891816773473,53.946250000000006,88.75374999999998,64.0,46.0,100.0,46.0,100.0,0.0,0.0,0.0,0.0
Apulia et Calabria / Regio II,Cannae,20,48.1,31.597728238724176,69.45,28.598750000000003,67.80125,36.0,12.5,93.5,12.5,93.5,0.0,0.0,0.0,0.0
Hispania citerior,Calagurris,20,114.2,77.26138047437334,161.71590086699646,76.64875,157.5,84.0,50.0,150.0,50.0,150.0,0.0,0.0,0.0,0.0
Gallia Narbonensis,Aquae Sextiae,20,44.15,27.0599956140521,66.41683310624566,26.05,63.06124999999994,28.0,,,1.0,75.0,0.0,0.0,0.0,0.0
Samnium / Regio IV,Cures,20,32.6,17.2,52.35,16.747500000000006,50.50124999999999,15.0,,,3.5,27.0,0.0,0.0,0.0,0.0
Africa proconsularis,Oea,20,163.3,113.4947795158655,208.0825421209908,113.1,209.5525,200.0,,,100.0,215.0,0.0,0.0,0.0,0.0
Aegyptus,Coptos,20,32.1,16.45,53.229285223584654,12.55,52.25,2.0,,,1.0,58.0,0.0,0.0,0.0,0.0
Asia,Miletus,20,46.4,21.681915176620315,88.10332374214691,17.243750000000013,83.20624999999997,8.5,2.0,33.5,2.0,33.0,0.0,0.0,0.0,0.0
Britannia,Noviomagus (Britannia (Inferior et Superior)),19,171.73684210526315,121.08056575475999,224.30817790912647,121.63157894736842,223.6881578947368,200.0,50.0,258.0,58.0,258.0,0.0,0.0,0.0,0.0
Creta et Cyrenaica,Gortyna,19,49.63157894736842,28.963136133943987,70.99009354321056,28.786842105263165,71.68552631578947,32.0,3.0,100.0,5.0,100.0,0.0,0.0,0.0,0.0
Britannia,Venta Silurum,19,190.10526315789474,139.71089475796046,217.89473684210526,150.21052631578948,223.1578947368421,230.0,,,230.0,230.0,0.0,0.0,0.0,0.0
Thracia,Beroea (Thracia),19,35.94736842105263,11.44458753942459,90.0595943643741,6.947368421052632,72.57894736842105,5.0,1.0,13.0,1.0,13.0,0.0,0.0,0.0,0.0
Africa proconsularis,Capsa,19,61.89473684210526,47.94736842105263,87.44095210869264,45.26184210526316,82.78947368421052,60.0,,,60.0,60.0,0.0,0.0,0.0,0.0
Africa proconsularis,Mactaris,19,39.94736842105263,20.210526315789473,94.17008227076309,15.732894736842113,75.16578947368417,14.0,5.0,40.0,5.0,40.0,0.0,0.0,0.0,0.0
Mauretania Caesariensis,Rapidum,19,10.157894736842104,5.965845186031456,18.648845146792155,5.051315789473686,16.842105263157894,3.0,2.0,14.0,2.0,14.0,0.0,0.0,0.0,0.0
Gallia Narbonensis,Massalia,19,101.05263157894737,87.93471023074389,118.32535950697084,86.20789473684212,116.84210526315789,100.0,,,100.0,100.0,0.0,0.0,0.0,0.0
Hispania citerior,Bilbilis,19,123.3157894736842,91.85946802325623,170.51504045865587,88.8921052631579,161.16315789473683,100.0,96.0,200.0,68.0,125.0,0.0,0.0,0.0,0.0
Baetica,Urgao,19,76.3157894736842,51.04442163749727,117.13573978405168,46.526315789473685,110.47368421052632,61.0,16.0,100.0,16.0,100.0,0.0,0.0,0.0,0.0
Cilicia,Anazarbus,19,52.578947368421055,26.81979605336473,91.15706373717077,23.63026315789474,85.2657894736842,22.0,18.0,50.0,5.0,46.0,0.0,0.0,0.0,0.0
Thracia,Philippopolis (Thracia),19,42.26315789473684,21.80094445250971,96.01724752952394,16.157894736842106,75.95131578947367,17.0,2.0,50.0,2.0,50.0,0.0,0.0,0.0,0.0
Pontus et Bithynia,Sinope,19,76.10526315789474,41.416924469650745,119.53292149328942,39.472368421052636,117.16052631578947,22.0,2.0,200.0,2.0,200.0,0.0,0.0,0.0,0.0
Picenum / Regio V,Cupra Maritima,18,101.11111111111111,70.88478172519005,135.35699498614963,69.775,136.61111111111111,89.5,32.0,150.5,32.0,150.5,0.0,0.0,0.0,0.0
Britannia,Durobrivae (Britannia) (1),18,126.94444444444444,88.0424522779698,175.7472386211603,86.37500000000001,170.22222222222223,110.0,,,85.0,130.0,0.0,0.0,0.0,0.0
Galatia,Iconium,18,37.0,13.932735314744773,83.22222222222223,9.438888888888899,74.66944444444444,4.5,2.0,26.0,2.0,27.0,0.0,0.0,0.0,0.0
Umbria / Regio VI,Mevaniola,18,74.05555555555556,58.111111111111114,99.68501671735314,55.718055555555566,95.16666666666667,50.0,,,46.0,100.0,0.0,0.0,0.0,0.0
Baetica,Laepia,18,84.38888888888889,60.57828159646064,110.66709237968418,58.71944444444445,109.39027777777777,100.0,,,45.987500000000026,100.0,0.0,0.0,0.0,0.0
Latium et Campania / Regio I,Cubulteria,18,102.22222222222223,77.19414511185722,142.22222222222223,72.49444444444445,137.77777777777777,100.0,,,50.0,100.0,0.0,0.0,0.0,0.0
Transpadana / Regio XI,Eporedia,17,128.47058823529412,104.05799208290024,163.76470588235293,102.0,161.76470588235293,100.0,,,100.0,150.0,0.0,0.0,0.0,0.0
Syria,Apamea (Syria) (2),17,143.05882352941177,124.2943855184672,164.76470588235293,123.76470588235294,163.52941176470588,130.0,,,130.0,200.0,0.0,0.0,0.0,0.0
Africa proconsularis,Thysdrus,17,86.41176470588235,49.03284774943707,143.8377520187149,45.116176470588236,134.41323529411764,60.0,3.0,100.0,8.0,150.0,0.0,0.0,0.0,0.0
,Roma,17,50.588235294117645,32.64191091377006,70.55783197535555,32.29264705882353,69.12058823529411,50.0,31.0,100.0,11.0,100.0,0.0,0.0,0.0,0.0
Apulia et Calabria / Regio II,Sipontum,17,65.11764705882354,47.88880418993655,82.94117647058823,46.88088235294118,82.83088235294115,50.0,34.0,100.0,34.0,100.0,0.0,0.0,0.0,0.0
Africa proconsularis,Gigthis,17,18.294117647058822,9.588235294117647,35.55064055472539,7.704411764705885,31.649999999999984,4.0,1.0,24.0,1.0,24.0,0.0,0.0,0.0,0.0
Belgica | Germania superior,Mediolanum (Gallia Lugdunensis) (2),17,212.94117647058823,157.05882352941177,258.2352941176471,162.33823529411765,260.5882352941176,300.0,200.0,300.0,100.0,300.0,0.0,0.0,0.0,0.0
Lusitania,Pax Iulia,17,79.70588235294117,52.045817414905954,114.81221613117833,51.64558823529412,111.47058823529412,50.0,25.0,100.0,30.0,100.0,0.0,0.0,0.0,0.0
Dalmatia,Butua,17,117.70588235294117,96.52941176470588,136.52941176470588,96.52941176470588,137.05882352941177,130.0,100.0,150.0,100.0,150.0,0.0,0.0,0.0,0.0
Samnium / Regio IV,Antinum,17,71.6470588235294,55.70192056790248,89.13324890885039,54.46470588235295,87.6470588235294,70.0,50.0,100.0,50.0,100.0,0.0,0.0,0.0,0.0
Latium et Campania / Regio I,Forum Popili (Italia (I Latium and Campania)),17,67.76470588235294,49.07511075026315,91.23529411764706,47.52794117647059,89.12058823529411,70.0,30.0,100.0,30.0,100.0,0.0,0.0,0.0,0.0
Samnium / Regio IV,Cluviae,17,137.94117647058823,107.0,182.05882352941177,102.6470588235294,177.88235294117646,100.0,,,100.0,150.0,0.0,0.0,0.0,0.0
Sicilia,Agrigentum,17,69.6470588235294,48.470588235294116,96.1452494032477,46.64264705882354,95.54411764705874,100.0,30.0,100.0,17.0,100.0,0.0,0.0,0.0,0.0
Mauretania Caesariensis,Zucchabar,17,54.76470588235294,24.352941176470587,103.58741192871813,20.58088235294119,94.58823529411765,1.0,1.0,16.0,1.0,100.0,0.0,0.0,0.0,0.0
Britannia,Verulamium,17,114.94117647058823,83.14449607722156,137.58823529411765,88.34852941176472,140.11764705882354,158.0,,,58.0,158.0,0.0,0.0,0.0,0.0
Baetica,Ucubi,17,59.705882352941174,43.13527891412057,77.42106192427362,42.82205882352941,78.29558823529412,60.0,50.0,100.0,50.0,100.0,0.0,0.0,0.0,0.0
Venetia et Histria / Regio X,Acelum,17,86.0,71.94117647058823,109.48325429183055,69.64558823529411,103.76470588235294,100.0,,,50.0,100.0,0.0,0.0,0.0,0.0
Dalmatia,Salvium,17,181.05882352941177,119.61079192219984,230.83837914184565,121.0514705882353,237.83970588235283,200.0,80.0,300.0,80.0,300.0,0.0,0.0,0.0,0.0
Asia,Alexandria (Asia),17,66.23529411764706,40.83449810989376,100.78762832055811,38.470588235294116,97.8882352941176,50.0,12.0,100.0,12.0,100.0,0.0,0.0,0.0,0.0
Raetia,Brigantium,17,185.35294117647058,125.4576543859688,238.6470588235294,128.3514705882353,244.06029411764706,200.0,71.0,300.0,71.0,300.0,0.0,0.0,0.0,0.0
Mauretania Caesariensis,Iomnium,16,54.0625,25.75,95.06447283440522,21.3734375,89.57187499999995,17.5,1.0,100.0,1.0,100.0,0.0,0.0,0.0,0.0
Dalmatia,Cissa,16,110.125,80.46515143282429,150.63603579087692,78.3125,143.87812499999998,100.0,,,51.0,150.0,0.0,0.0,0.0,0.0
Etruria / Regio VII,Horta,16,40.9375,28.625,55.1875,28.1234375,53.8125,36.0,21.0,55.5,21.0,51.0,0.0,0.0,0.0,0.0
Etruria / Regio VII,Tuscana,16,109.1875,84.09585905513481,132.24999661874375,84.684375,132.0625,100.0,,,90.5,150.0,0.0,0.0,0.0,0.0
Latium et Campania / Regio I,Roma,16,86.375,56.9375,122.04211602331979,55.242187500000014,118.75312499999998,60.0,35.0,100.0,39.87500000000022,125.0,0.0,0.0,0.0,0.0
Apulia et Calabria / Regio II,Saticula,16,108.375,85.38460413221142,136.4210489154757,83.0,134.00624999999997,100.0,,,80.0,130.0,0.0,0.0,0.0,0.0
Africa proconsularis,Agbia,16,46.5625,20.494153692990253,92.8937921837819,16.3109375,83.62968749999997,5.0,2.0,56.5,2.0,100.0,0.0,0.0,0.0,0.0
Lusitania,Metellinum,16,60.875,41.875,87.0370538366547,39.8109375,86.62656249999999,50.0,,,42.0,100.0,0.0,0.0,0.0,0.0
Asia,Lindus,16,8.1875,5.6875,11.0625,5.75,10.753124999999983,11.0,,,3.0,11.0,0.0,0.0,0.0,0.0
Raetia,Abodiacum,16,128.375,79.09842642124158,180.88117313900221,77.06093750000001,184.5046875,100.0,,,30.0,200.0,0.0,0.0,0.0,0.0
Umbria / Regio VI,Arna,16,76.8125,53.91378736051319,104.29475097904566,52.746875,103.18906249999999,90.5,52.5,100.0,50.0,100.0,0.0,0.0,0.0,0.0
Aemilia / Regio VIII,Caesena,16,98.3125,68.29477801288127,128.89443016310707,67.12343750000001,129.63281249999994,100.0,,,50.0,131.0,0.0,0.0,0.0,0.0
Samnium / Regio IV,Anxanum,16,120.0625,75.00271601385141,180.76399362846072,71.80468750000001,171.37656249999998,71.0,55.0,200.0,55.0,200.0,0.0,0.0,0.0,0.0
Sicilia,Acrae,16,117.1875,86.0625,198.5562977966659,79.68593750000001,173.6875,101.0,,,100.0,101.0,0.0,0.0,0.0,0.0
Cilicia,,16,38.0,11.0625,93.53362274460675,9.25,80.0,13.0,,,7.5,16.5,0.0,0.0,0.0,0.0
Latium et Campania / Regio I,Setia,16,81.4375,56.41824342702658,105.8125,56.7484375,107.5625,100.0,,,61.0,100.0,0.0,0.0,0.0,0.0
Arabia,Petra,16,3.875,2.0625,6.75,1.75,6.3125,1.0,,,1.0,5.0,0.0,0.0,0.0,0.0
Etruria / Regio VII,Luca,15,53.93333333333333,37.86666666666667,69.46666666666667,38.86333333333334,70.26666666666667,50.0,19.0,61.0,40.0,70.0,0.0,0.0,0.0,0.0
Dalmatia,Baloie,15,166.2,123.44950325551389,207.80923907417704,124.19833333333334,211.33333333333334,200.0,100.0,300.0,100.0,200.0,0.0,0.0,0.0,0.0
Liguria / Regio IX,Libarna,15,96.66666666666667,66.0,134.0,64.66666666666667,132.0,50.0,,,50.0,200.0,0.0,0.0,0.0,0.0
Baetica,Isturgi,15,62.266666666666666,44.666666666666664,80.86666666666666,44.53333333333333,81.53499999999998,60.0,,,30.0,100.0,0.0,0.0,0.0,0.0
Latium et Campania / Regio I,Tegianum,15,96.86666666666666,76.66666666666667,126.66666666666667,73.72833333333334,123.33333333333333,100.0,,,50.0,100.0,0.0,0.0,0.0,0.0
Lugudunensis,Condate Redonum,15,5.2,3.533333333333333,7.133333333333333,3.466666666666667,7.001666666666657,4.0,,,3.0,10.0,0.0,0.0,0.0,0.0
Moesia inferior,Nicopolis (Moesia Inferior),15,6.666666666666667,3.6000000000000005,10.666666666666666,3.4,10.266666666666667,3.0,,,1.0,14.0,0.0,0.0,0.0,0.0
Creta et Cyrenaica,,15,60.4,30.48766672733369,102.26136835561222,28.265,97.13333333333334,30.0,4.0,100.0,5.0,100.0,0.0,0.0,0.0,0.0
Etruria / Regio VII,Forum Cassii,15,115.2,88.55607729414231,138.26666666666668,90.8,138.93999999999997,100.0,,,100.0,150.0,0.0,0.0,0.0,0.0
Baetica,Asido,15,78.73333333333333,65.4160560329437,90.0,65.46666666666667,90.06666666666666,100.0,51.0,100.0,50.0,100.0,0.0,0.0,0.0,0.0
,Augusta Raurica,15,168.33333333333334,119.66666666666667,213.33333333333334,119.0,218.0083333333333,200.0,80.0,300.0,80.0,300.0,0.0,0.0,0.0,0.0
Apulia et Calabria / Regio II,Rubi,15,76.26666666666667,57.53333333333333,94.0,56.6,94.66666666666667,100.0,60.0,100.0,43.0,100.0,0.0,0.0,0.0,0.0
Africa proconsularis,Hippo Regius,15,243.0,170.6,302.76159576169744,177.19,306.6666666666667,232.0,200.0,300.0,200.0,300.0,0.0,0.0,0.0,0.0
Belgica | Germania inferior,Atuatuca,15,103.6,85.6,125.6,83.86666666666666,124.93333333333334,100.0,,,80.0,130.0,0.0,0.0,0.0,0.0
Africa proconsularis,Thuburbo Maius,15,52.53333333333333,30.933333333333334,87.05921461186023,28.26333333333334,79.13499999999999,25.0,14.0,81.0,7.0,100.0,0.0,0.0,0.0,0.0
Syria,Tyrus,14,9.428571428571429,5.642857142857143,21.320449102694234,4.857142857142857,16.571428571428573,6.0,,,3.0,11.0,0.0,0.0,0.0,0.0
Etruria / Regio VII,Heba,14,66.35714285714286,47.126070556053676,87.22709661173627,45.92857142857143,86.94107142857136,65.0,50.0,90.5,50.0,90.5,0.0,0.0,0.0,0.0
Mauretania Tingitana,Thamusida,14,28.0,13.214285714285714,58.18088399781654,10.214285714285714,51.142857142857146,10.0,1.0,32.0,1.0,40.0,0.0,0.0,0.0,0.0
Latium et Campania / Regio I,Vitellia,14,68.21428571428571,43.08365880008885,106.17304834597728,39.70892857142858,99.07321428571427,50.0,,,8.0,100.0,0.0,0.0,0.0,0.0
Liguria / Regio IX,Genua,14,76.5,48.214285714285715,133.9682334178812,42.141071428571436,119.0035714285714,50.0,,,32.0,100.0,0.0,0.0,0.0,0.0
Hispania citerior,Turiaso,14,125.35714285714286,86.42857142857143,185.50641988493697,81.77678571428574,175.0,100.0,,,75.0,150.0,0.0,0.0,0.0,0.0
Creta et Cyrenaica,Cyrene,14,64.07142857142857,35.54315163078864,105.96818855720358,32.06964285714286,100.14642857142854,41.0,15.5,100.0,11.0,99.5,0.0,0.0,0.0,0.0
Hispania citerior,Pompaelo,14,107.85714285714286,68.64982880038764,144.35714285714286,69.49642857142858,146.58571428571423,115.0,50.0,165.0,50.0,165.87499999999523,0.0,0.0,0.0,0.0
Baetica,Carmo,14,59.285714285714285,45.3329328176867,77.26550910198385,43.355357142857144,76.71785714285711,50.0,,,30.0,98.0,0.0,0.0,0.0,0.0
Baetica,Abdera (Baetica),14,84.14285714285714,66.28571428571429,112.7142857142857,64.71428571428571,107.14285714285714,100.0,,,50.0,100.0,0.0,0.0,0.0,0.0
Syria,Heliopolis (Aegyptus),14,29.642857142857142,16.428571428571427,57.56109650179158,13.285714285714286,49.5017857142857,15.5,7.574829862558516,24.0,9.0,24.21249999999884,0.0,0.0,0.0,0.0
Baetica,Sacili,14,65.92857142857143,46.45776008150625,87.34961004626834,45.421428571428585,87.21428571428571,60.5,30.0,100.0,30.0,100.0,0.0,0.0,0.0,0.0
Africa proconsularis,Thubursicum Numidarum,14,55.357142857142854,33.57142857142857,90.4347540459096,29.0,84.85892857142856,55.0,13.0,100.0,13.0,80.0,0.0,0.0,0.0,0.0
Dalmatia,Argyruntum,14,123.5,86.42857142857143,164.42857142857142,84.0,166.14285714285714,150.0,,,100.0,150.0,0.0,0.0,0.0,0.0
Macedonia,Beroea (Macedonia),14,106.35714285714286,58.49289758099368,161.50178881256878,58.42857142857143,157.93035714285713,100.0,,,5.0,200.0,0.0,0.0,0.0,0.0
Lusitania,Conimbriga,14,68.5,50.583452852506475,84.83811067327113,50.99821428571429,85.71428571428571,75.0,50.0,100.0,50.0,100.0,0.0,0.0,0.0,0.0
Moesia inferior,Odessus,13,87.61538461538461,51.73958963150472,135.31374520015282,46.84615384615385,134.8538461538461,56.0,48.0,100.0,48.0,100.0,0.0,0.0,0.0,0.0
Etruria / Regio VII,Fidenae,13,131.15384615384616,87.78347275949027,165.4271643864637,92.075,166.23653846153843,150.0,100.0,200.0,100.0,200.0,0.0,0.0,0.0,0.0
Latium et Campania / Regio I,Ardea,13,96.76923076923077,55.15384615384616,138.6153846153846,55.22884615384616,138.69423076923076,100.0,,,4.0,150.0,0.0,0.0,0.0,0.0
Asia,Laodicea (Asia),13,39.76923076923077,12.23076923076923,111.83918276828571,8.153846153846153,88.23653846153843,5.0,1.0,21.0,5.0,22.0,0.0,0.0,0.0,0.0
Macedonia,Onchesmus,13,118.84615384615384,71.0,162.8720984688689,73.7519230769231,162.92307692307693,131.0,52.0,200.0,52.0,200.0,0.0,0.0,0.0,0.0
Hispania citerior,Lucus Augusti (Hispania Tarraconensis),13,60.23076923076923,40.3647298066208,97.6362508598981,36.07692307692308,89.08269230769228,50.0,30.0,60.0,30.0,60.0,0.0,0.0,0.0,0.0
Pontus et Bithynia,Nicaea,13,49.23076923076923,21.923076923076923,92.9252398855424,17.686538461538472,85.626923076923,20.0,4.0,100.0,4.0,100.0,0.0,0.0,0.0,0.0
Transpadana / Regio XI,Laumellum,13,100.15384615384616,76.92307692307692,142.76923076923077,73.07692307692308,134.92307692307693,100.0,,,50.0,100.0,0.0,0.0,0.0,0.0
Apulia et Calabria / Regio II,Ausculum,13,65.76923076923077,45.25304584341446,90.8429574328119,43.69230769230769,90.07884615384614,50.0,40.0,70.0,50.0,100.0,0.0,0.0,0.0,0.0
Umbria / Regio VI,Nuceria Camellaria,13,45.76923076923077,26.0,67.92307692307692,25.459615384615386,68.15576923076922,32.0,5.0,100.0,5.0,100.0,0.0,0.0,0.0,0.0
Lugudunensis,Lutetia,13,92.3076923076923,70.0,120.84615384615384,69.83269230769233,115.38461538461539,100.0,,,100.0,100.0,0.0,0.0,0.0,0.0
Achaia,Thespiae,12,13.666666666666666,8.75,22.18352691836094,7.916666666666667,20.666666666666668,10.0,6.0,20.0,6.0,18.0,0.0,0.0,0.0,0.0
Aegyptus,Nilopolis,12,42.333333333333336,17.583333333333332,75.25,17.583333333333332,67.16666666666667,1.5,1.0,100.0,1.0,100.0,0.0,0.0,0.0,0.0
Africa proconsularis,Bulla Regia,12,70.0,32.45659117778277,146.52451613025156,26.160416666666677,128.8395833333333,28.5,11.0,100.0,11.0,100.0,0.0,0.0,0.0,0.0
Sicilia,Messana,12,146.5,109.66666666666667,170.83333333333334,114.5,175.0,150.0,,,125.0,200.0,0.0,0.0,0.0,0.0
Mauretania Caesariensis,Saldae,12,15.833333333333334,8.416666666666666,22.916666666666668,8.25,23.166666666666668,15.0,2.0,30.0,2.0,30.0,0.0,0.0,0.0,0.0
Britannia,Caesaromagus (Britannia),12,131.33333333333334,90.83333333333333,177.5,89.16250000000001,175.33333333333334,115.0,80.0,215.0,80.0,215.0,0.0,0.0,0.0,0.0
Thracia,Deultum,12,43.5,19.274238213601762,88.58014649117148,14.5,82.08333333333333,6.0,,,5.0,70.0,0.0,0.0,0.0,0.0
Thracia,Cabyle,12,41.25,19.417306745288577,77.5208979366301,15.164583333333336,70.58333333333333,13.0,2.0,80.0,2.0,80.0,0.0,0.0,0.0,0.0
Dacia,Dierna,12,105.16666666666667,80.0,126.66666666666667,82.40833333333335,128.75,100.0,,,100.0,122.0,0.0,0.0,0.0,0.0
Moesia superior,Remesiana,12,50.916666666666664,19.59279342019806,136.02469987215227,12.99791666666667,105.92291666666664,14.5,1.0,56.0,1.0,56.0,0.0,0.0,0.0,0.0
Lugudunensis,Augustodurum,12,2.5,1.75,3.25,1.5,3.25,2.5,1.0,4.0,1.0,4.0,0.0,0.0,0.0,0.0
Asia,Aphrodisias,12,58.083333333333336,32.105934797246384,98.9580555887527,28.831250000000004,93.91666666666667,43.0,8.5,100.0,8.5,100.0,0.0,0.0,0.0,0.0
Dalmatia,Iader,12,104.75,59.50013376568762,156.13847848215454,55.24375000000001,155.83541666666667,92.5,14.5,200.0,14.5,200.0,0.0,0.0,0.0,0.0
Gallia Narbonensis,Forum Iulii (X Venetia et Histria),12,71.0,48.333333333333336,89.5,50.5,90.0,100.0,,,36.0,100.0,0.0,0.0,0.0,0.0
Achaia,Delphi,12,9.5,3.9166666666666665,22.60373812216322,3.0833333333333335,18.585416666666653,3.5,1.0,11.0,1.0,11.0,0.0,0.0,0.0,0.0
Achaia,Delos,12,65.25,41.916666666666664,105.476621113242,38.406250000000014,99.50208333333332,44.5,30.0,99.5,30.0,99.5,0.0,0.0,0.0,0.0
Baetica,Ilipa,12,49.833333333333336,32.27253142666577,70.08333333333333,31.914583333333336,68.83541666666665,45.0,27.5,80.0,27.5,80.0,0.0,0.0,0.0,0.0
Africa proconsularis,Limisa,12,10.166666666666666,4.583333333333333,20.519030920407488,3.5833333333333335,17.583333333333332,3.0,,,1.0,18.0,0.0,0.0,0.0,0.0
Bruttium et Lucania / Regio III,Croton,12,44.5,18.666666666666668,89.66063834658247,13.916666666666666,79.58333333333333,4.5,1.0,85.0,1.0,85.0,0.0,0.0,0.0,0.0
Bruttium et Lucania / Regio III,Heraclea (Italia (III Lucania et Brutii)),12,63.333333333333336,52.5,78.33333333333333,51.666666666666664,76.66666666666667,50.0,,,50.0,85.0,0.0,0.0,0.0,0.0
Etruria / Regio VII,Roma,12,67.58333333333333,52.5,81.83333333333333,53.320833333333354,82.58333333333333,60.5,50.0,100.0,50.0,100.0,0.0,0.0,0.0,0.0
Umbria / Regio VI,Plestia,12,107.25,73.91666666666667,131.16666666666666,77.32500000000002,133.5,125.0,80.5,150.0,80.5,150.0,0.0,0.0,0.0,0.0
Latium et Campania / Regio I,Volturnum,12,48.083333333333336,28.333333333333332,74.82150558312328,26.831250000000004,71.66666666666667,40.0,,,14.0,80.5,0.0,0.0,0.0,0.0
Creta et Cyrenaica,Cnossus,12,49.416666666666664,34.333333333333336,70.72536606060469,32.833333333333336,68.33333333333333,40.0,,,27.0,75.0,0.0,0.0,0.0,0.0
Sicilia,Melita,11,84.27272727272727,53.53324127078117,97.81818181818181,63.90909090909091,100.0,100.0,,,76.0,100.0,0.0,0.0,0.0,0.0
Provincia incerta,Roma,11,99.18181818181819,73.72727272727273,167.41817971199882,69.18181818181819,144.63636363636363,100.0,60.0,100.0,50.0,100.0,0.0,0.0,0.0,0.0
Raetia,Curia,11,150.54545454545453,77.44176435380058,223.8968626827982,78.90227272727273,221.00227272727273,100.0,32.0,300.0,32.0,300.0,0.0,0.0,0.0,0.0
,Aquae Mattiacorum,11,138.0909090909091,73.87016759438646,214.70153156230947,70.26818181818182,206.91590909090905,60.0,50.0,300.0,50.0,300.0,0.0,0.0,0.0,0.0
Thracia,Samothrace,11,124.0,66.56204902982685,234.8717374379661,56.963636363636425,207.3045454545453,100.0,,,1.0,123.0,0.0,0.0,0.0,0.0
Africa proconsularis,Thubursicum Bure,11,28.636363636363637,8.272727272727273,70.18181818181819,5.363636363636363,60.28636363636356,5.0,1.0,21.0,1.0,21.0,0.0,0.0,0.0,0.0
Lusitania,Salacia,11,91.72727272727273,63.09090909090909,123.88009491188234,61.98636363636366,124.91590909090905,100.0,,,50.0,130.0,0.0,0.0,0.0,0.0
Britannia,Durovernum,11,237.0909090909091,221.8181818181818,280.1818181818182,219.0909090909091,267.6363636363636,230.0,,,230.0,230.0,0.0,0.0,0.0,0.0
Gallia Narbonensis,Genava,11,57.36363636363637,23.727272727272727,104.8042721344723,19.72272727272728,98.0,24.0,1.0,100.0,1.0,100.0,0.0,0.0,0.0,0.0
Dalmatia,Ris,11,112.81818181818181,84.6463847988042,147.27272727272728,83.0,146.45454545454547,100.0,,,70.0,170.0,0.0,0.0,0.0,0.0
Umbria / Regio VI,Sena Gallica,11,135.63636363636363,102.81818181818181,223.86804639249573,96.9090909090909,194.8181818181818,101.0,100.0,150.0,100.0,150.0,0.0,0.0,0.0,0.0
Latium et Campania / Regio I,Verulae,11,97.0909090909091,53.54822738141703,199.43509509430964,41.90454545454546,169.09318181818182,50.0,34.0,100.0,34.0,100.0,0.0,0.0,0.0,0.0
Liguria / Regio IX,Carreum,11,103.0909090909091,60.72727272727272,171.51364827823537,54.63636363636363,156.0909090909091,50.0,17.0,100.0,50.0,200.0,0.0,0.0,0.0,0.0
Latium et Campania / Regio I,Neapolis (Macedonia),11,71.27272727272727,40.45454545454545,113.63636363636365,36.90681818181818,112.81818181818181,30.0,21.0,100.0,21.0,130.0,0.0,0.0,0.0,0.0
Picenum / Regio V,Pollentia (Italia (V Picenum)),10,116.0,93.0,147.0,93.0,142.0,100.0,,,100.0,140.0,0.0,0.0,0.0,0.0
Pannonia superior,Celeia,10,138.0,103.82069544082165,160.0,104.0,165.0,150.0,,,100.0,175.0,0.0,0.0,0.0,0.0
Baetica,Carteia,10,93.1,44.6,170.58779357424473,38.79000000000001,158.10749999999996,50.0,14.0,180.0,14.0,180.0,0.0,0.0,0.0,0.0
Africa proconsularis,Thignica,10,49.3,14.520057245543587,106.43886298619167,11.5,94.80249999999998,7.0,1.5,100.0,1.5,100.0,0.0,0.0,0.0,0.0
Africa proconsularis,Thelepte,10,16.8,4.8,52.681249907322766,2.0,37.0,2.0,,,2.0,24.0,0.0,0.0,0.0,0.0
Belgica | Germania superior,Vertillum,10,245.0,195.0,280.0,195.0,290.0,300.0,,,200.0,300.0,0.0,0.0,0.0,0.0
Gallia Narbonensis,Antipolis,10,48.2,10.957952823935619,116.53965966334613,7.1,102.8,4.0,,,2.0,108.5,0.0,0.0,0.0,0.0
Hispania citerior,Ilugo,10,94.1,60.3,142.0,58.197500000000005,132.1,100.0,,,60.0,150.0,0.0,0.0,0.0,0.0
Apulia et Calabria / Regio II,Hydruntum,10,86.7,51.58020428605828,123.4,50.3975,123.4,100.0,,,31.0,115.0,0.0,0.0,0.0,0.0
Lusitania,Corstopitum,10,111.0,91.0,139.0,87.0,135.0,100.0,,,80.0,130.0,0.0,0.0,0.0,0.0
Liguria / Regio IX,Vada Sabatia,10,115.0,90.0,147.0,88.0,145.0,100.0,,,90.0,150.0,0.0,0.0,0.0,0.0
Dalmatia,Metulum,10,102.7,54.868648650655956,167.0,51.78250000000003,164.02249999999987,95.0,15.0,165.0,15.0,165.0,0.0,0.0,0.0,0.0
Etruria / Regio VII,Faesulae,10,89.7,52.57748483902987,116.6,57.5,120.60999999999994,100.0,,,50.187500000000554,125.0,0.0,0.0,0.0,0.0
Latium et Campania / Regio I,Pontia,10,83.5,52.0,110.19999999999999,55.4,113.3,100.0,,,42.0,125.0,0.0,0.0,0.0,0.0
Apulia et Calabria / Regio II,Forentum,10,68.0,39.64127855843191,108.03475660712412,37.6,103.6,60.0,,,24.0,100.0,0.0,0.0,0.0,0.0
Etruria / Regio VII,Vulci,10,45.6,28.0,65.32566052917097,28.7,64.0,46.0,30.0,65.0,26.0,65.0,0.0,0.0,0.0,0.0
,Dibio,10,252.0,180.0,290.0,195.0,300.0,300.0,,,200.0,300.0,0.0,0.0,0.0,0.0
