bootstrap_const,bootstrap_beta_pop
-0.31630079314377535,0.5592966521962368
-0.31989674209647884,0.559830478201346
-0.21849547940308728,0.547626469120726
-0.35029800509625963,0.5630667297498085
-0.26309787082830716,0.5524750965080898
-0.350471730462317,0.5644821071162502
-0.2475557213110878,0.5530138714859868
-0.24241530123137717,0.5522281657239396
-0.3610783926552594,0.5645478735546865
-0.3791546799663317,0.5685166449937339
-0.22957125882975124,0.5484426819547287
-0.2388543755391197,0.5506570835641318
-0.27324472514080106,0.5534818032675559
-0.3740471299524061,0.5659370068521904
-0.23706034738174572,0.5495485818860678
-0.3264350289669954,0.5602845415744925
-0.2876428545922683,0.5557825572281326
-0.37563635342122137,0.5667525403666105
-0.29140010872834754,0.5562521316374361
-0.35723651097714304,0.5632856259489084
-0.3895924238964294,0.567751076750247
-0.26112008019642385,0.5515982326623469
-0.32687322099550675,0.5618045676724562
-0.2633390877078745,0.5520958538119282
-0.32507333499079355,0.5597367876244996
-0.16474805371734227,0.5420427111389676
-0.2234154267251223,0.5503978103178465
-0.41798801661817475,0.573338513779689
-0.22983482444815162,0.5482486684762456
-0.32950104710800715,0.5604311898207368
-0.33045792051202433,0.562978441286509
-0.4214923778094363,0.5713204849531021
-0.16914116156357362,0.542103765312353
-0.3498345442460055,0.5635209874211653
-0.32012328820985236,0.5587734252024016
-0.36806695962708663,0.5673426803522669
-0.28505015769754516,0.5558369712866928
-0.24876738296208434,0.5504400414971068
-0.3147065908293056,0.5594843729808158
-0.24623957365653423,0.5502940104307488
-0.28852367500906506,0.5568952180536051
-0.31722888050095505,0.5600515295054371
-0.2997110260398084,0.5577923991370833
-0.31087566671335415,0.5580345197855873
-0.32591450082569084,0.5600163349370775
-0.35671612308126177,0.5642817632439272
-0.31729582915989984,0.5580365528374048
-0.2989769319017704,0.5578608514742733
-0.3109332228727308,0.558414988933659
-0.250765764706667,0.5518830686804029
-0.29343128243388356,0.5577893580799322
-0.37625253123049407,0.5671228646752531
-0.3288356454871806,0.5616429974336509
-0.36770923800727207,0.5655419540384659
-0.3667140450748501,0.565712913490557
-0.2976393506268012,0.5573648634831251
-0.3140560300235579,0.5593892875903727
-0.30121927886079536,0.5569387554732237
-0.27704268200004895,0.5535652098033911
-0.27371397790443763,0.5553430686073445
-0.20645480088508314,0.5470543594487196
-0.23723695611512027,0.5493232381304143
-0.26929670819580565,0.5541955329194762
-0.27008283870847977,0.5537581014697673
-0.256865032613366,0.5529938958913545
-0.39206437708253933,0.5687205487153102
-0.24414142304551203,0.5504686569551815
-0.33168476058923746,0.5614901814174611
-0.2724525862765731,0.5562825319468273
-0.3083561071720492,0.5574735438823092
-0.21789065187925766,0.5482401239349037
-0.39484618191964077,0.5690760318135261
-0.20448406136799296,0.5455841151685351
-0.2845023528515069,0.555415991175791
-0.2218611583284319,0.5473386366862508
-0.22191708418849118,0.5488072744399768
-0.3986391025612093,0.5692906296561112
-0.3769419194381263,0.5685076160979586
-0.3552046238327896,0.5644754069637365
-0.27336408227307335,0.5544204567333808
-0.2705571629457962,0.5534336920947515
-0.2520504414420955,0.5526463271363936
-0.2638536296612004,0.5535708997847322
-0.43329818676620296,0.574291336000897
-0.29898620210273125,0.5567806661230419
-0.30401133980536693,0.5587077823107798
-0.362358165515473,0.5647771181621795
-0.2675958734690349,0.5535677572611658
-0.22231149918277088,0.5468745749146312
-0.3428721646173556,0.5617514459416536
-0.35963019416472825,0.5655042675754869
-0.35924115291847214,0.564803628957003
-0.03083968062969422,0.5263767404821441
-0.38736570132477877,0.5687056215580492
-0.09550169473925729,0.534953601021134
-0.2931485306683568,0.55585789812013
-0.3336444975249816,0.561127947578785
-0.29328743159657167,0.557097139025169
-0.19431442844017063,0.5436222056365436
-0.24619968744686851,0.5523283816964026
-0.33705644380682975,0.5607206802456535
-0.3059004507196755,0.557511290214049
-0.3368301091856245,0.5625425438537504
-0.3988263089440123,0.5694186354496583
-0.3253768512898595,0.5601921353630985
-0.3411908401405411,0.5630510563433696
-0.3348800426523964,0.5612955172722152
-0.22270975467997833,0.5478927816703967
-0.24213335946352998,0.5495792463514565
-0.28165052044957045,0.5557789683498136
-0.1653868944064384,0.5408323820449509
-0.212110355357558,0.5479912223399368
-0.32972179284022235,0.5604161304723262
-0.2762848245622673,0.5537758695643172
-0.21287772116124024,0.5483123487462224
-0.38432082824689406,0.5677947654340686
-0.4576099667403232,0.5772616051399642
-0.31537774153088255,0.5601347416692208
-0.23888128241742201,0.5496095639237238
-0.20332721767535417,0.5470320443053673
-0.3465506103081331,0.5632139804383841
-0.20992024326371464,0.5461761866837251
-0.3718422020489704,0.564451464016457
-0.3009725807602504,0.5571028919793556
-0.5068996164361028,0.5826247172145606
-0.3307000560153525,0.5608717692419944
-0.30613344134448117,0.5580858547897951
-0.3634140873273478,0.5656050010020951
-0.3863557452611636,0.5662781371702732
-0.3678704736517851,0.5656780575535421
-0.36293967840707947,0.5641680823115652
-0.3744186586800683,0.5665400272581242
-0.47128324993098397,0.579913141660625
-0.37789971894156554,0.5681478260027089
-0.4118329020025651,0.5711852624674008
-0.25625282267225036,0.5526455209396818
-0.3162586250470762,0.5605213769685379
-0.32422916102712784,0.5597960544862505
-0.3539312411366311,0.5632666940482672
-0.29053877830141495,0.5576587154292786
-0.3594498386282895,0.5650171915375236
-0.2884877264333398,0.5549364734214608
-0.4270988038696575,0.5734598172226956
-0.24207519753511308,0.5516502294628853
-0.2584781945724637,0.553301494773895
-0.29810713743558503,0.5584167561386463
-0.3024595446054522,0.5584262227256167
-0.27961064703117533,0.557004364358015
-0.22997345092650331,0.5475383593374004
-0.2673690567110625,0.5542424597924016
-0.296193361920655,0.5562337049073363
-0.39000292582787904,0.5692515858060813
-0.22402662855278108,0.5489381835997991
-0.3865361639832308,0.5692921762887629
-0.24820587056561774,0.5517952980949584
-0.2768510137803591,0.554494761272749
-0.41786064859530936,0.5710785580163577
-0.34983826622295905,0.5644824092592207
-0.2680923565432582,0.5545166121474986
-0.332950950090917,0.5624087590232586
-0.37896380072689334,0.567374362080876
-0.37004812554650685,0.5658111885550468
-0.3360204163904961,0.5622323975347868
-0.3054073847192895,0.5591694898664901
-0.2896813734436873,0.5555183380531811
-0.3721333971957466,0.5651965143080961
-0.3348601357501508,0.5605963897652805
-0.2767556671655421,0.5553509440012591
-0.394252684874726,0.5692234223898747
-0.3317745631738706,0.5625227218549689
-0.22150694181283537,0.5477110024964726
-0.32786972468785774,0.5603829735943923
-0.18489695811342008,0.5425070651976182
-0.3357544658569457,0.5605529005374819
-0.43847947899661377,0.5744930859292882
-0.2991333732217252,0.5571118193130206
-0.3698653592312522,0.5667455797250746
-0.27176152835698525,0.5540123245392391
-0.32134108526011945,0.5599704341675256
-0.3133275755215475,0.5570491864882419
-0.2479246045769175,0.5508970265565284
-0.3351768694664778,0.5620824032330846
-0.17361303938212247,0.5419895234853066
-0.2545834245543771,0.5534891112891143
-0.35717348109909636,0.5650384286981311
-0.2810292777415213,0.5539648355767756
-0.2889387955058696,0.5569852068816915
-0.14456305282221757,0.5379452304960595
-0.3947563320429255,0.5673761470771165
-0.28574576468124135,0.5551639690872863
-0.33635613006774573,0.562631333140477
-0.25602509169204346,0.5522676128333315
-0.2544866270236989,0.5522087996192854
-0.3325267988132833,0.5608716994053367
-0.3209460069639358,0.5597312526306721
-0.19537443590579806,0.5437511948638714
-0.3163770047204536,0.5605753474976145
-0.34944699718981587,0.5632061271704815
-0.388802332874582,0.5663139713296786
-0.3038092985884306,0.5570307589666724
-0.39303446038180445,0.5706645968614426
-0.3271550336398346,0.5621894523607316
-0.41320741627137847,0.5703568641289385
-0.43444762914299634,0.5730307703441396
-0.28044165193022225,0.5552425370839065
-0.26235543389773935,0.5519043694648267
-0.3039057395611125,0.558946866366209
-0.4217706667521111,0.5708602217450679
-0.32174363442265097,0.5614697247190071
-0.276599135660587,0.5548607022612008
-0.3580280356926067,0.5630384897523826
-0.34142816281946664,0.5615981329158788
-0.31594645095371426,0.5601046626202435
-0.2994952716616157,0.5568169310299801
-0.27741531517395956,0.5548163236324657
-0.30957298960475194,0.5594838145144186
-0.35401263397295685,0.5631324352877751
-0.3515169935738156,0.5638884370420565
-0.2379305737239619,0.5499980392102488
-0.19178590689525984,0.5452398670070608
-0.36707321496285994,0.5657079155665787
-0.3731558852232787,0.5669570617964002
-0.31793337177357966,0.5598258014732037
-0.20070771957232633,0.5448623384828933
-0.21402745898313527,0.5470296807596358
-0.26573572364632236,0.5519233098868228
-0.3645282721520185,0.5660761617931754
-0.3200285853799718,0.5606306169609038
-0.259869273815789,0.553244678297389
-0.3805092751680384,0.5661125180160277
-0.23142409400591488,0.5492433386883713
-0.23854840744268005,0.5508502610858425
-0.3085603341465975,0.5594976425313278
-0.30445952675478843,0.5571378991955558
-0.3599927683313163,0.5656807109022884
-0.2933793240156712,0.5565353065599441
-0.3349391851864031,0.5622194487650142
-0.3285184663138499,0.5600565871272004
-0.2608661189800173,0.5526746160529565
-0.41752312289457205,0.5718490772996095
-0.43507015541003086,0.5750437137421186
-0.2465384530432265,0.5520038169925441
-0.3687787027466776,0.5663977672972146
-0.12909557459744547,0.5377224178090109
-0.12854849184912986,0.5360077904146655
-0.2522128213133201,0.552096997575266
-0.24950292950509456,0.5508289521818656
-0.418656103479354,0.5727497985870492
-0.20540902509716036,0.5474082641541623
-0.26900767791802915,0.5524839033675819
-0.39545439835284296,0.5694866173862091
-0.2758399392737057,0.5549771141711105
-0.3474282262011452,0.5634228414649235
-0.31072458594741387,0.5593102574745242
-0.29659195501301144,0.5567756339503575
-0.37156525931269935,0.5662362219947695
-0.32016429290935194,0.5593948525535447
-0.2972005871160561,0.5569210383523533
-0.3180732306611837,0.558179568195199
-0.3002634885135845,0.5582122009101581
-0.21548643799889408,0.5472971295585278
-0.3138984210472366,0.5592103446153274
-0.26280103385314,0.5533632741481039
-0.32606727527869317,0.5611743596717816
-0.3129142834331259,0.5583839125551536
-0.26430380377010104,0.5531403680923579
-0.2018761372281211,0.5466818426512468
-0.2589751159844746,0.5520971429877765
-0.34790874040201675,0.5641161933085876
-0.2377955776176756,0.5499311164161951
-0.24854967198840439,0.551010270601014
-0.3362877106657675,0.561312841453282
-0.2889929698282427,0.555727504084604
-0.2944238169146131,0.5569522836654245
-0.2490380367447253,0.5521353948001166
-0.27830429038355314,0.5561460554013026
-0.267433536067636,0.5545280134270362
-0.32636467689771903,0.5601756603393458
-0.34039935357440515,0.5625625396741659
-0.2424852987048873,0.5486647960791963
-0.38590032976834654,0.5685440224676606
-0.40102799399010763,0.5704710433597548
-0.31866820061158907,0.559993271495071
-0.3229812185784745,0.5599633291090561
-0.28466846780580246,0.5557341018239568
-0.360839799979622,0.5648582224513621
-0.37374702365809115,0.565877106223444
-0.3334311776572072,0.5629237664494938
-0.26483301184179586,0.5526313438497346
-0.42367422383230186,0.5730300275313922
-0.26749075520608406,0.5526383125156246
-0.2775731685915458,0.554739442842182
-0.2538796882849423,0.5519810883595596
-0.3859653311410592,0.568683669732499
-0.4274137857471733,0.5739336316757945
-0.2674379435954715,0.554180733233939
-0.3729705625988502,0.565199732506015
-0.34925063857602356,0.5645078599598926
-0.24968006243044255,0.5520207437229515
-0.15446948048369022,0.5393810296487753
-0.26056946347579274,0.552603286742651
-0.40215851194880653,0.5706554192512238
-0.18100250647647917,0.5433824078257651
-0.2884831621470459,0.5548190523975813
-0.37425143086397844,0.567091338872214
-0.20821298556427748,0.5462933041853181
-0.2335030446569277,0.5478460212174627
-0.3587484608838507,0.5656851865965001
-0.3090323910094194,0.5581704810389624
-0.28753516131942036,0.5551194829846566
-0.33121963522055575,0.5613377763875839
-0.41225297854559295,0.5728272551878505
-0.37973339762474784,0.5678601727704957
-0.2620086951409939,0.5523671760854001
-0.33977197127529,0.562082554958123
-0.2851025824837497,0.5565762532287751
-0.31554475983314506,0.5586899955346707
-0.32865618386924383,0.5590186128730978
-0.31663856736310964,0.5595350378688934
-0.2772911608092778,0.5546646316563753
-0.4178168831460449,0.572400720493521
-0.33254562222287376,0.5604408610458032
-0.28643575625162115,0.5552453756141045
-0.3356141899242101,0.5624035512399803
-0.2999177731979085,0.5573221373118161
-0.3398485549913936,0.5604399825185342
-0.37430619068032656,0.5656926764655106
-0.3575240205365923,0.5657249534789179
-0.35057525278711316,0.5639500683422866
-0.2858006242364508,0.5551510144158391
-0.24603540808762087,0.5513033537006091
-0.2616242823939366,0.5535680560680687
-0.3919447883071925,0.5679673463711323
-0.3614732139661867,0.564775372109686
-0.21637539072496362,0.5487701819333408
-0.25813604892591824,0.5529134205188191
-0.287531404290702,0.5552226468140998
-0.2944217358919814,0.5576368847245259
-0.2835514242670188,0.5558942908422962
-0.2871830304881964,0.5561903840493563
-0.37828656245099057,0.5684452843060841
-0.25057204620490436,0.5504014433948448
-0.36001498126783366,0.5660456192191285
-0.23790045567528,0.5483224166400287
-0.33112994486660235,0.5609429861467496
-0.35570608279491334,0.5642984999975806
-0.2423289295427166,0.5508384728586522
-0.27155827070845523,0.5534973230585593
-0.2729993943039483,0.5549309494264696
-0.19657893934835907,0.5456290333964124
-0.42055514116600956,0.5713367072392076
-0.3151451855525812,0.5590741958385897
-0.34570342309665975,0.5636602438567235
-0.3073207778818147,0.5575357769910523
-0.3567685942459448,0.5626095872477387
-0.3328285367959801,0.5614387651686191
-0.23396114191201403,0.5510058667602094
-0.2766735725616033,0.5535731269856315
-0.18677198497524594,0.5424599755098766
-0.23429161576195326,0.5495351086826863
-0.33001660390197474,0.5614251264409977
-0.2007974253179438,0.5448142244334961
-0.3068322698001893,0.5576257834354115
-0.3651456549703936,0.5642662587046976
-0.3229895678342553,0.5606010388733336
-0.3497788562891391,0.5636742305576552
-0.23377554669436107,0.549115748410711
-0.4058951304569778,0.5705361445254293
-0.24852208143885413,0.5509643300562982
-0.322554807197441,0.5606551218918404
-0.2851463453661397,0.555490431435979
-0.21471878592293137,0.5481444812283369
-0.2526897571332503,0.5518407069116523
-0.3471342877203951,0.5623828621174853
-0.29516055704953703,0.5582660025703331
-0.32248208032917924,0.5591642120549926
-0.28100114718702807,0.5550232949033492
-0.33728500172754705,0.5618381894763789
-0.3490311810285461,0.5629774590275141
-0.29743832921534025,0.5584486987255786
-0.25045483157782084,0.5509940665037539
-0.38443013707463797,0.5674623078226114
-0.34278074066011666,0.5626004205964537
-0.3871704595358126,0.5682198205688491
-0.35819863342954744,0.5653241570213998
-0.23014272352567253,0.5485851468788845
-0.24545716096785566,0.5506286151115636
-0.30834280850946144,0.5580875004215952
-0.3769697393430074,0.5671071921686872
-0.3202755146112923,0.5604842632008811
-0.329586180040234,0.5621861818461896
-0.3633471907039496,0.5650573925572117
-0.28506650635152614,0.5549157124012237
-0.27597545651843564,0.5539021982169754
-0.30232154928589056,0.5579002680481757
-0.3106453267135077,0.5587322015074939
-0.22867655649951485,0.5489744064852822
-0.2881117110189399,0.5563808148779732
-0.43928453245611837,0.5747390242097368
-0.45292036089612314,0.5771572806806535
-0.26333459976502605,0.5533097367835037
-0.30931734135791716,0.5586241675559716
-0.2519730308392294,0.5513067457971548
-0.25108940418106973,0.5529715766979976
-0.2875169897250722,0.5565813217175397
-0.39367439441411445,0.5684972297208201
-0.3658334663279557,0.5646566663281338
-0.27246605526607787,0.5551857179817977
-0.3924235511302223,0.56792287372334
-0.2867251050875725,0.5550629687489609
-0.3290817252508755,0.5606547284398767
-0.3513801040413109,0.5629520374785858
-0.34648615894714363,0.5637657079243412
-0.3132367069103109,0.5591514346190191
-0.2878437562460845,0.5551265800563545
-0.37265791869574166,0.5666418227091364
-0.2035689643121839,0.5449177434384742
-0.29164155258007407,0.5562704322891426
-0.3086000035126987,0.5600177005287694
-0.29305800389852776,0.5565811584540687
-0.3468553506695932,0.5630701839969653
-0.4172595469273764,0.5722198195820548
-0.2916614443385748,0.5563029081066623
-0.29771719326211565,0.5578749965618599
-0.2798618001004148,0.5570745716077774
-0.3934477427775501,0.5670399113561568
-0.4048485470548053,0.5709185441921681
-0.31678326793111355,0.5603092812721137
-0.32690142042124604,0.5609416067697286
-0.21118143709918533,0.5458443162074694
-0.27106565923327186,0.5526075237969115
-0.27418623652913393,0.5553209641225563
-0.4371613925108882,0.5740821403560444
-0.329734249770849,0.560837356679365
-0.2610197087415941,0.552059874742937
-0.2962988883235177,0.5568343610313018
-0.3815885511677376,0.5672105541125626
-0.3343867052410173,0.5601411503535539
-0.2917883404390708,0.5563105183095375
-0.36063812328013983,0.5650609988965712
-0.3891027196085013,0.5692933066635067
-0.35060126363942234,0.5642008863168977
-0.226437883283588,0.547759835334791
-0.3108145784780665,0.5566717457847562
-0.2302487940411154,0.5476975144270849
-0.22550267206340907,0.548720851774686
-0.2895050792063837,0.5568869252837608
-0.38791971201315234,0.5679181025201947
-0.38744054119294336,0.5689979205627639
-0.27144939134493135,0.5559102213656426
-0.42335522711477436,0.5723328829411989
-0.2429911441147256,0.551089807133239
-0.28806984654901896,0.556308851529107
-0.2702307027234003,0.5531277860098329
-0.3186603515258162,0.5604224747880551
-0.28259851617552056,0.5551122172159183
-0.392313680239718,0.5690737894114075
-0.2275712832600096,0.5476066251384606
-0.3053238702601355,0.5585018711543243
-0.23491819443906983,0.5491520225281732
-0.31020862612849986,0.5579078653284614
-0.31050734124778673,0.5608656320774
-0.25167827134821935,0.5527151113428127
-0.2864121653235365,0.5565088991642745
-0.2896250352184626,0.5568333973879064
-0.29112776038863314,0.5563835575780088
-0.4121720344581844,0.5688745360432361
-0.42503800766480027,0.5725052472258537
-0.3284114524842131,0.5615591451779324
-0.25365402375360063,0.5513186859283341
-0.35607075242847874,0.5630533603485737
-0.3138545038054777,0.5599246682866909
-0.24101357967081458,0.5497647100492019
-0.22854518705386584,0.5495223482801058
-0.34158223228262624,0.5621880063873667
-0.1991465429092125,0.5453000165692239
-0.19063995810415307,0.5461980148055505
-0.25901985053681886,0.5522962737945756
-0.3721071690755255,0.5665446190219714
-0.24068498706952707,0.5504219852613874
-0.3770960787273322,0.566196609467105
-0.2755688304647918,0.5557454826184922
-0.4374778869026492,0.5748232410472484
-0.24920881121980654,0.5511623734662352
-0.2995383292311064,0.557821519642309
-0.24429358635553705,0.5502361079063326
-0.2970383878849051,0.5570134316152576
-0.30354149751289283,0.5573888957295955
-0.2971596861161285,0.556695503660952
-0.26572088435273816,0.5533764637161737
-0.30816565608373037,0.5586100390810718
-0.24406723411620845,0.5508807516683445
-0.15860685512493958,0.5412909156089623
-0.49584998197654745,0.5808322085099661
-0.3023818831601157,0.5572172708171703
-0.3530637212485269,0.5642817498332635
-0.3367414837560451,0.5622022375848852
-0.24800464442715683,0.5516478192119236
-0.3849614859294713,0.5679422515075884
-0.33735079262191175,0.5617791923495806
-0.3151737042172958,0.5594854697970142
-0.25545092588400525,0.5521831344086219
-0.14873413634442395,0.5391330134349284
-0.22674122993159937,0.5486641286879991
-0.3112295210990118,0.5589363620788691
-0.3558097530469152,0.5648681530437221
-0.3458302611693451,0.5623181134329899
-0.2587203282856044,0.5528304627484719
-0.2369562801629017,0.5497902946587179
-0.25418484292833243,0.5519416501397744
-0.2686901668283129,0.5551444591827169
-0.3558982094198735,0.5648519413848522
-0.18862785117745515,0.544646909804546
-0.341684132565299,0.561823450102635
-0.26549737533458584,0.5537568754299159
-0.4300991423354885,0.5725202248430195
-0.30565187200940813,0.5584999678223098
-0.20820477336096663,0.5449558159056791
-0.31522943108190793,0.5595050768319936
-0.2520866161045503,0.5507974679395446
-0.31782145840706844,0.559057109408792
-0.3546772642062186,0.5643588363174721
-0.2817882082869957,0.5547129836675246
-0.28056507338220693,0.55530685132901
-0.32865210438497,0.560741535535334
-0.2064385776620415,0.5467620782639319
-0.22227929694599666,0.5478617739132993
-0.23108164877665618,0.5481684299068154
-0.24672672213625002,0.5509308075969287
-0.2606017127025798,0.554312982541408
-0.1989703765780971,0.5452604619161487
-0.31261045043412167,0.5591791929481295
-0.41171233564689685,0.5708176275199034
-0.24983526335729905,0.5510731632793131
-0.2939719041521969,0.5566824431519873
-0.29535136606478435,0.5573149907640992
-0.35690046600087966,0.5637637383333427
-0.269607218832088,0.5535940357401711
-0.38403064570972817,0.5684984812571634
-0.20907486840957926,0.5477996081915045
-0.15719105561672397,0.5406253614538532
-0.41867961982733454,0.5723772851783158
-0.29138378697636885,0.5562594361636506
-0.2981434280794374,0.5562984485219263
-0.3534379098356231,0.5637619215658959
-0.29292076654229826,0.5569632684963313
-0.2777863403802303,0.5552940738077958
-0.16496055683056876,0.5420164616607116
-0.412747913642,0.5719313423197244
-0.32041565195966365,0.5607700264439078
-0.2588631802721381,0.5522285161258388
-0.37035073128936125,0.5662192947314619
-0.39039069298693185,0.5687990712596724
-0.2807833310891221,0.5542702848710865
-0.29480348713713433,0.5575671351488626
-0.21976531304571342,0.5490302421925536
-0.3186482417623921,0.5598289772871632
-0.3378737689400983,0.5616038960930544
-0.32838062570853555,0.5628357393276942
-0.22885787745041783,0.5495753581870584
-0.24885478195626434,0.5515050751969119
-0.36193499131672646,0.564720854017683
-0.32290999979995166,0.5597593663404581
-0.2299503732593718,0.548108139155832
-0.29619151665001836,0.5574601415201433
-0.34669308535384236,0.563659093827113
-0.3200049667104396,0.5592509538627356
-0.40251043578053414,0.5701417771716415
-0.2773042633981419,0.5535955274993519
-0.2663750289269078,0.5536803771808292
-0.2713490671877862,0.5553931200198974
-0.3162365366502322,0.5588808237597878
-0.21149943567549673,0.5465412233654798
-0.328697523523301,0.5621053476879162
-0.22824127328769195,0.5492733888970457
-0.3307201883619924,0.562207210575914
-0.22946112324171994,0.5488340193460083
-0.3796379883255961,0.5676303466554459
-0.3031875216701059,0.5599374459141662
-0.28098181386207705,0.5553354353666755
-0.2883973488178476,0.5570955217281928
-0.38799343062428754,0.5694242695077983
-0.2185759255006317,0.5477933381361378
-0.3162178479406138,0.5599852855521199
-0.33283099818363804,0.5623855425070879
-0.23453299643026476,0.5506142771461702
-0.32995111681175543,0.5625271010094748
-0.3425398138644447,0.5633761269923978
-0.37834388671385105,0.5673460465967658
-0.2761707215094757,0.5541161903105881
-0.3077966663177472,0.5599170097095924
-0.3254708126830935,0.5602671091135492
-0.3532026119536962,0.5643109320536124
-0.31796924411470545,0.559632853812919
-0.3231681462500201,0.5613655434740887
-0.2883564299854236,0.5569333751748855
-0.3955659098238318,0.5696390597608904
-0.3959402791321431,0.5678810201938921
-0.40678242168136314,0.5716406479876155
-0.3010898454260579,0.5577702741204368
-0.26851593480165153,0.5512946122864092
-0.3833868599723373,0.567897977069617
-0.31468878492044344,0.5601262957680111
-0.2765168641047267,0.5561493938876273
-0.2797856803954739,0.5573543952327913
-0.3019588205002183,0.5593205029865713
-0.2851798172761557,0.5562285815286798
-0.3862803284957815,0.5674131782512937
-0.278695427257198,0.5557031082384905
-0.4053111501795075,0.571210438451499
-0.41395003108086537,0.5701332752076359
-0.4723108591536447,0.5780214259740043
-0.3857164669683881,0.5683753527639847
-0.32565476614967287,0.5606563343396552
-0.2735242948824659,0.5556736212091502
-0.25820107995271524,0.5529155603448538
-0.3161646951667042,0.5606765027596382
-0.22718286626731646,0.5489138096557694
-0.34031326037024506,0.5602297496621673
-0.2657068533400783,0.5528302426432179
-0.27276549786910004,0.5546073315238866
-0.34433626957873115,0.5613647921114947
-0.2456972996196467,0.5503175523565017
-0.334398401909082,0.5627087720111426
-0.3315288297958269,0.5604639923410807
-0.2595521925119063,0.5522604929883456
-0.28204487358341984,0.5563727412243595
-0.2196677578824715,0.5480065830381988
-0.30185411027686043,0.5583831358607576
-0.27169994172443157,0.5528670426270492
-0.275078659799801,0.5541996188160089
-0.3762111922540037,0.567031836825026
-0.17299765946704262,0.5423705073405983
-0.19665345617532412,0.5449129393353488
-0.20301338933175203,0.5468128899501676
-0.33029020498926975,0.5611114002746702
-0.3247738087039562,0.5605902659089889
-0.21425901699006483,0.5466665101580156
-0.3921662039855959,0.5679253503657317
-0.3265605693097012,0.5622847373215922
-0.25361554007103815,0.5512480119327011
-0.2904385762224696,0.5573130547780343
-0.2745903324858016,0.5537308685574485
-0.4001211246468634,0.5703952839527102
-0.2629667183548848,0.5524815061416513
-0.339113131347935,0.5622034599558159
-0.41813556199287505,0.5720529479923032
-0.3866360326131323,0.5685062107115627
-0.33171996348505045,0.5623787112321723
-0.315576499717143,0.5595509022651934
-0.25042212047167944,0.5505127759718923
-0.37204663516156183,0.5668901619177488
-0.25119659627166435,0.551781943514514
-0.32635984216427844,0.5613659495599331
-0.21583757432332326,0.547659796085041
-0.3184914368542552,0.5597456797145132
-0.3558253096961749,0.5652008729942064
-0.30099574085571495,0.5574041853408734
-0.42400971166947166,0.5721544202669925
-0.25459455504281125,0.5521412106532412
-0.3152094967211945,0.5580360669475105
-0.2798802798471072,0.5548065289693045
-0.3004990036595637,0.5570015582424065
-0.20663039292533691,0.5461950949564588
-0.3336193123205457,0.5622401830892402
-0.3513826097783551,0.5635391569483523
-0.2720505679841476,0.5558371446730571
-0.23179648467928612,0.5499876191217425
-0.3982429791731125,0.5696236087972814
-0.2791827208410747,0.5565357332588902
-0.2592146135316118,0.5544884452228723
-0.31406452440286964,0.5598164313266191
-0.2892380345037559,0.5562955182541428
-0.2960704680433356,0.5577624769959004
-0.3208269553931864,0.5598628202838832
-0.26053162310105654,0.5523444354093414
-0.36117991572683406,0.566264014556505
-0.19746964831106015,0.5462014974409792
-0.21900825400361212,0.5502272819639491
-0.2908450666529572,0.5556498491629115
-0.22888543983447704,0.5502712001014417
-0.2709315072020296,0.5538853161142115
-0.32867506175492595,0.5602454804839143
-0.19760979056185252,0.5446460609614828
-0.2887958760978607,0.5562740013481938
-0.3602091950582347,0.5645307505093095
-0.36043519512104427,0.565055545851396
-0.22908997399233935,0.550687764841308
-0.36297357442438233,0.5644075339499938
-0.3342382247818398,0.563111282291784
-0.2337834190270292,0.5492613930852076
-0.2893331946690894,0.5557773591567733
-0.42210496168684,0.5720427868214368
-0.2785902401549595,0.5548147055847646
-0.3157972664383732,0.5599776600435012
-0.3015900109298979,0.5565425658515887
-0.3756906501536021,0.5669296337089106
-0.2788035894999848,0.5545704526073663
-0.3422940535457643,0.5636857019528754
-0.3274471519903418,0.5598463825785779
-0.2377883665610029,0.549406441854864
-0.43873067940825394,0.575727098886756
-0.35111308237726196,0.5649501830359764
-0.34336919555123185,0.5622158375205409
-0.35322608596323235,0.5626217158976807
-0.3217911272902621,0.5593367051219921
-0.4026225680346713,0.5689169053055367
-0.3366017711212906,0.5614117904029475
-0.28216401688070725,0.5555000743841066
-0.3298216635833377,0.5619850578711566
-0.3391742961792868,0.5615351558034027
-0.24725568556229904,0.5521179913325516
-0.3667573790143892,0.5658581106014751
-0.25117689718253106,0.5510000554947083
-0.33174955207815277,0.5590322903720575
-0.18190618461649724,0.5430057971849854
-0.41944853146231337,0.5722816944854914
-0.3555132741294657,0.5632072750993149
-0.26351805508472564,0.5528490986023186
-0.32468548317891616,0.559905891604072
-0.2727707258268534,0.5530378833434859
-0.25244105364999014,0.5526206223557453
-0.291389619704819,0.5558654352346796
-0.3098009705488249,0.5577165320588579
-0.3370975523080364,0.5622430245449773
-0.3555566577474937,0.5635659069684438
-0.4460929440002379,0.5765827818974101
-0.353181258967126,0.5632452400659979
-0.23199386286758042,0.549236837100414
-0.44512781539229385,0.574930588820409
-0.3229492905790189,0.5599731011596809
-0.24966609975101325,0.5518084790756852
-0.31627446937164494,0.5604761057826645
-0.40055230207070286,0.5696465831370933
-0.3166810117170294,0.5605884042244661
-0.2679679887575529,0.5540194650896767
-0.427773479920905,0.572411260812823
-0.24723702471294837,0.5518079613297097
-0.25341845564005455,0.5517404793011685
-0.35241722020518607,0.5650953909801364
-0.3531841516643076,0.5642095533803277
-0.26473611280711856,0.5545402039762295
-0.3189182276612787,0.5601613456127913
-0.3694000160774582,0.5669090447858157
-0.3513603756684307,0.5633649385409409
-0.37695528765852904,0.5659284824675512
-0.32978354703564755,0.5616236753978934
-0.32664025449014333,0.5597954181026615
-0.26505174384364055,0.5542048917492692
-0.2287803405166,0.5481492052513147
-0.13764432401760365,0.5386558335684212
-0.37616293488562746,0.5662231753373587
-0.33664223020594625,0.5624030618980433
-0.2087515138330095,0.5484748568669185
-0.24965933775574387,0.5507816328275781
-0.321738487762367,0.5621185803530195
-0.22581605953259642,0.550095131885702
-0.34187625714842124,0.5638954188569109
-0.26932961103463987,0.5538244681755311
-0.38005392798161763,0.5657562549666335
-0.3665856358499151,0.5656278502488659
-0.2313304527066009,0.549136697064982
-0.3441137698242899,0.5624439614827268
-0.2531609666099331,0.5518142387660824
-0.296756810557256,0.556440513214976
-0.3166384552445369,0.5592117710750127
-0.3380829856335916,0.5628102579022528
-0.4418616915698181,0.5738591196573646
-0.39735017556787705,0.5694300289305654
-0.3342559724460548,0.5616486926402524
-0.29312390683893935,0.5576065687486667
-0.29055796294649805,0.555234009792768
-0.35525783599176997,0.5640678251736272
-0.38950409918600215,0.5685231912228663
-0.30665028615766804,0.5587575623261227
-0.29848420080369364,0.5591540011764233
-0.21941397326837597,0.547818245331166
-0.32461076987123744,0.560276335035248
-0.2958031490097443,0.5570877432278268
-0.3654644752858086,0.564480845198686
-0.3117298750437954,0.5603067746190737
-0.24964489384570088,0.5518291592302635
-0.24670707335346562,0.551878989888979
-0.31550982561079843,0.5591142439120181
-0.2611463134251456,0.5537269748730995
-0.28720517983640065,0.5554149253744414
-0.249383653967731,0.5516801239756803
-0.2703674713387642,0.5554561388623304
-0.2200142540064386,0.5473935719750469
-0.3497480790654148,0.5631945259459686
-0.3237051512558558,0.5610323853573569
-0.35891796364703676,0.5665317144562065
-0.3569986733228887,0.5651319808615868
-0.3727486800386361,0.566983286422768
-0.28148444157661495,0.5564547027714937
-0.28239550341830677,0.554475624524276
-0.3360981790342698,0.5619444249549366
-0.2720725472230846,0.5520855305257547
-0.2684458358099428,0.554727190787081
-0.48802629639082923,0.5796345176905799
-0.2843548430622826,0.5559939916157894
-0.2683832484091353,0.5543621303011999
-0.3147580924884988,0.5596077127429675
-0.42932486551191706,0.5717557777069026
-0.32235319617888913,0.561173310776306
-0.34465671621316335,0.5622781129812472
-0.4045197535151836,0.5696985419332306
-0.2887179401291639,0.5578859498750501
-0.33317262029420663,0.5634746589105013
-0.32527621397530215,0.5606804488882859
-0.31284016432412326,0.5598425501200917
-0.3682022745532636,0.5645622265300823
-0.3122512933665807,0.5589267641983932
-0.30483963107714224,0.5579196849251766
-0.42319293764714633,0.5718417988825836
-0.33524485822229827,0.561455597604731
-0.3240265421876667,0.560420824770549
-0.47073126014692035,0.5786894246749295
-0.2528336369170041,0.5521449571638269
-0.25192770764072414,0.5528245178592416
-0.4454891564193416,0.5741466623917447
-0.2968454612944912,0.5562312476439459
-0.36650170442472985,0.5647651940681145
-0.2697552108444252,0.5543277293151904
-0.2650718008560343,0.5536237925031877
-0.2594475934031382,0.5528890897062478
-0.24999707233114735,0.5504239527100273
-0.26721367869172274,0.5546840830396725
-0.2792094123154156,0.555131939310969
-0.3047769189081867,0.5582074806181347
-0.2886983295022441,0.5557883928222958
-0.21476915017606377,0.5474379127072585
-0.30724633973891907,0.5576580170439834
-0.2327367855545073,0.5502732951217651
-0.17240075530804264,0.5423912095048066
-0.2873207962686203,0.5556881740858672
-0.3858223286941333,0.5670459497557576
-0.3805434160324393,0.5674394781431619
-0.35990489671640075,0.5641596248871266
-0.2952746377782348,0.5571704819140919
-0.2450881657714316,0.5508076379178211
-0.22206693290453616,0.5489187226384932
-0.1675799814847188,0.5423808817973302
-0.3086492651082146,0.5579190780440877
-0.25629930668941564,0.5532032686401669
-0.37097810497852657,0.5667874492011943
-0.313035974276722,0.5598395899737177
-0.46500072303292744,0.5793703240187825
-0.3119157832625435,0.5586605157721174
-0.22863700076527485,0.5478703703094822
-0.2947397729283472,0.5581679694867255
-0.33284490201758077,0.5615979140863654
-0.23713703279795437,0.5504907444787547
-0.29589315907325603,0.5562808627306575
-0.32756040454952856,0.5599458886200893
-0.3298363203487621,0.5615758826072589
-0.2451808231563428,0.5512469339143968
-0.34734673462959564,0.5642158881122799
-0.3727456019335317,0.5676981453734329
-0.338497916293123,0.56270485438496
-0.32011643731799694,0.5603369188804858
-0.15051923947845128,0.5385117199274986
-0.3513765352688021,0.5642949383388779
-0.2614969257454276,0.554438047674586
-0.24534445185805742,0.551052601968819
-0.2773095651827906,0.5559791035844636
-0.2643707551274246,0.5537226725044664
-0.35355412290235905,0.5637960381849153
-0.30323992586185794,0.5593547366106237
-0.34902855874090677,0.5635721222766806
-0.22500297362488705,0.5488208789717355
-0.2853476154257516,0.5549609796740548
-0.37487322066910483,0.5664711675414738
-0.37954481187906547,0.5665725507841065
-0.25426417222501,0.5529953816478275
-0.36393324949101047,0.5641140690416411
-0.2090450002809798,0.5464203314785047
-0.4061018547693083,0.569640608618084
-0.15387459540330364,0.5411739056819468
-0.3413525302570964,0.5621605060663007
-0.3868060478082538,0.567697632267108
-0.38036345897075363,0.5663688294948085
-0.341403662434946,0.5625301320008013
-0.4118035199446793,0.5713591840091303
-0.18164609880380367,0.5442154491993463
-0.23826805628772857,0.5496871139787866
-0.22913441484181646,0.5493924223467785
-0.3018773136749274,0.5583959422167674
-0.3071261394828529,0.558351497896228
-0.37657777590957764,0.5661048176655831
-0.33547164795484335,0.560842510638218
-0.3736096354165037,0.5663911733923312
-0.22166798256612036,0.5491336394687879
-0.4280569002267311,0.574172711448965
-0.3234215477358145,0.5599505604459691
-0.3855417727374563,0.5683947743993336
-0.2514931037864683,0.5523769741137525
-0.32892011730443915,0.5601927054765611
-0.31059365148293644,0.5584994299472602
-0.3490483061417346,0.5629949995242794
-0.26377594039701274,0.5517405814600245
-0.3131167791116589,0.5578441313635858
-0.29849274986008667,0.5571073564057419
-0.28937241993796864,0.5564877930984712
-0.12190735704542134,0.5371508369669175
-0.26754151306289153,0.5536944621472165
-0.38797223150549986,0.5688597676596743
-0.21927958221283347,0.5483567015954393
-0.14709547782345522,0.5392211723771447
-0.2466695970864584,0.5510510980985016
-0.4304421107918868,0.5736568479446238
-0.14201064644229966,0.5382466016553139
-0.3676441795478568,0.5655023050911575
-0.3866782493110026,0.5690655526419646
-0.2563742783404052,0.5517906946595651
-0.2892252305970255,0.5580839849927102
-0.35068952770814477,0.564282473421639
-0.2816046204928464,0.5552074786722372
-0.29863918724869887,0.5575743425815426
-0.2442755514499716,0.5514827799973041
-0.38613088080934593,0.5680081373717268
-0.26498408237497983,0.5521996903299212
-0.28044337429358446,0.5557255002623689
-0.3407378511876882,0.5631727864284067
-0.3342675659104317,0.5618687445027748
-0.38714094622812556,0.568232309972362
-0.2918665118322386,0.5551383555520165
-0.3009574461490521,0.5576330279504046
-0.33200644606976937,0.561385064608896
-0.3243668636107549,0.5603626501756694
-0.35843652599731723,0.5653000311847075
-0.40411313692356216,0.5701565578011074
-0.2785485650080521,0.5542471030310094
-0.2956171980129219,0.5582482703015973
-0.36394984919641316,0.5653806955333642
-0.2543355493641751,0.5529410244964564
-0.253088547843885,0.5511618204585493
-0.4280942600611364,0.5743008715478792
-0.3797695696823631,0.5673240440157263
-0.3532033228775148,0.5641129102893969
-0.2305787275737219,0.5484106156687778
-0.35475026390340475,0.5641089780012427
-0.14311352875137753,0.538636808225759
-0.33383390196950674,0.5602354830037939
-0.3017022202103644,0.5578356561169473
-0.2659135326396167,0.5542412835004045
-0.26733398379553647,0.5554969641446067
-0.3090972306959704,0.558774365318793
-0.28470996199885906,0.5558999529196776
-0.4026613050403997,0.5714690462905938
-0.3893522795126263,0.5685229582328889
-0.2730527516940312,0.5556547846608749
-0.3239222312111465,0.5608222268522698
-0.3121765506837144,0.5586482800853279
-0.38849491406512876,0.5676811925245898
-0.2782015921881169,0.5552045093339762
-0.20678873963026909,0.5487729797717468
-0.3648188013276658,0.5655236727657371
-0.23241891973857517,0.55007423794656
-0.2760921645374031,0.5541745952849471
-0.20591191002412443,0.5459747426936701
-0.3431617218616976,0.5625322158476513
-0.29644270263262473,0.5572668231059218
-0.2138097424079965,0.548740906272646
-0.2780026759135948,0.5535456661353474
-0.4605043110594441,0.5771385430953401
-0.3341619271753528,0.5609524813264501
-0.31910766139690944,0.5586285287688906
-0.33785943909416843,0.5602354107355008
-0.20391864841759097,0.5454118537808269
-0.3326361414514389,0.5615654791205881
-0.38541933906482007,0.568675735229643
-0.3572439966399536,0.5653006129105678
-0.2298682139041012,0.5490201069080729
-0.29947136296638044,0.5574369056381691
-0.2816551844105201,0.5542856907061519
-0.4176347328965105,0.5708863720624259
-0.3321314297889219,0.5609835978471596
-0.22534764644736124,0.5474396545178647
-0.32296389553401295,0.5609344505574395
-0.3145507941970487,0.5589976563322714
-0.2664447958082284,0.5538703596122946
-0.26273240033522083,0.5544393079630642
-0.37948280351835867,0.5674728140776238
-0.28761865867957365,0.5569120368117205
-0.2859459362288839,0.5543846131470825
-0.3558968789300288,0.5641129147248454
-0.3384606608529603,0.5628618736245047
-0.23855304542009756,0.5508409738651413
-0.3061619617848505,0.5586260837112462
-0.35231033306249504,0.5641671319024221
-0.45337839338194424,0.5769648580519242
-0.29306000976239976,0.5557545117703714
-0.2552657821898981,0.5520057880285792
-0.4199439837475397,0.57141814521531
-0.2802748923956372,0.5554127622173647
-0.23634115394706254,0.5500766119808405
-0.18454713790015667,0.5432789507237057
-0.2460516939619092,0.5511215306841963
-0.2654951282691747,0.5527854838965555
